"customer_id","age","annual_income_gbp","employment_status","employment_length_years","loan_type","loan_amount_gbp","loan_term_months","interest_rate_pct","credit_score","outstanding_balance_gbp","days_past_due","previous_defaults","default_flag","loan_to_income_ratio","dpd_bucket","risk_bucket"
100000,43,73100,"Employed",1.8,"Unsecured Personal Loan",25400,36,5.74,845,19000,90,0,0,0.34746922024623803010,"90+ DPD","High Risk"
100001,37,57700,"Employed",4.1,"Unsecured Personal Loan",19200,12,5.64,565,13100,10,0,0,0.33275563258232235702,"Current","Medium Risk"
100002,44,37400,"Employed",8.1,"Unsecured Personal Loan",53200,24,4.77,639,8000,30,1,0,1.4224598930481283,"30-59 DPD","High Risk"
100003,53,NULL,"Employed",0.7,"Mortgage",5500,36,12.55,670,5700,0,0,0,NULL,"Current","Low Risk"
100004,36,51500,"Contract",4.3,"Auto Loan",28400,60,10.03,715,8300,0,0,0,0.55145631067961165049,"Current","Low Risk"
100005,36,44200,"Contract",3.5,"Auto Loan",26600,36,7.57,781,12300,0,0,1,0.60180995475113122172,"Current","Low Risk"
100006,54,56800,"Employed",0.8,"Unsecured Personal Loan",7500,48,11.55,678,7900,0,2,0,0.13204225352112676056,"Current","High Risk"
100007,46,49900,"Retired",4.9,"Unsecured Personal Loan",24400,36,2.96,NULL,12300,10,2,0,0.48897795591182364729,"Current","High Risk"
100008,33,61400,"Employed",1.6,"Unsecured Personal Loan",16300,48,3.51,747,13500,0,0,0,0.26547231270358306189,"Current","Low Risk"
100009,43,27800,"Employed",3.3,"Auto Loan",11700,36,0.97,740,17700,0,1,0,0.42086330935251798561,"Current","High Risk"
100010,33,70200,"Employed",0.4,"Auto Loan",8100,48,5.4,525,24300,0,0,0,0.11538461538461538462,"Current","Medium Risk"
100011,33,40100,"Employed",3.1,"Unsecured Personal Loan",8700,36,7.99,680,10500,90,0,0,0.21695760598503740648,"90+ DPD","High Risk"
100012,40,102500,"Unemployed",1.8,"Auto Loan",45700,36,7.81,553,4000,0,0,0,0.44585365853658536585,"Current","Medium Risk"
100013,19,25700,"Unemployed",8.6,"Mortgage",13400,36,7.95,627,7800,20,0,0,0.52140077821011673152,"Current","Medium Risk"
100014,21,86500,"Employed",0.3,"Unsecured Personal Loan",21400,36,3.27,608,10200,20,0,0,0.24739884393063583815,"Current","Medium Risk"
100015,32,40100,"Employed",2.7,"Auto Loan",8300,12,9.91,745,2700,0,0,0,0.20698254364089775561,"Current","Low Risk"
100016,28,26200,"Employed",3.1,"Unsecured Personal Loan",8400,12,8.22,689,26200,0,3,0,0.32061068702290076336,"Current","High Risk"
100017,41,28500,"Employed",6.5,"Auto Loan",25600,12,9.7,577,10900,30,1,0,0.89824561403508771930,"30-59 DPD","High Risk"
100018,29,30900,"Employed",4.3,"Auto Loan",5900,48,1.82,750,12900,0,0,0,0.19093851132686084142,"Current","Low Risk"
100019,24,44900,"Employed",5.5,"Mortgage",10400,24,8.43,565,25700,60,0,0,0.23162583518930957684,"60-89 DPD","Medium Risk"
100020,53,47200,"Contract",7.5,"Unsecured Personal Loan",13600,24,3.94,706,6400,0,0,0,0.28813559322033898305,"Current","Low Risk"
100021,36,27300,"Contract",9.9,"Unsecured Personal Loan",14300,48,6.31,615,14800,0,0,0,0.52380952380952380952,"Current","Medium Risk"
100022,39,35900,"Employed",1.9,"Unsecured Personal Loan",12000,24,9.1,651,9200,30,0,0,0.33426183844011142061,"30-59 DPD","Medium Risk"
100023,24,106000,"Contract",3.9,"Unsecured Personal Loan",16900,36,7.77,720,8700,30,0,0,0.15943396226415094340,"30-59 DPD","Medium Risk"
100024,33,86100,"Employed",9.2,"Auto Loan",20200,24,4.95,722,5800,120,0,0,0.23461091753774680604,"90+ DPD","High Risk"
100025,39,226000,"Employed",22.8,"Mortgage",20800,60,7.52,787,31800,10,1,0,0.09203539823008849558,"Current","High Risk"
100026,26,37000,"Employed",11,"Unsecured Personal Loan",7400,48,2.91,673,7600,60,0,0,0.20000000000000000000,"60-89 DPD","Medium Risk"
100027,42,38600,"Self-Employed",2.3,"Unsecured Personal Loan",11300,48,10.95,705,16100,30,0,0,0.29274611398963730570,"30-59 DPD","Medium Risk"
100028,32,247000,"Retired",1.1,"Unsecured Personal Loan",27400,36,6.88,645,2700,30,0,0,0.11093117408906882591,"30-59 DPD","Medium Risk"
100029,35,21800,"Self-Employed",3.4,"Unsecured Personal Loan",22900,48,10.86,695,22600,0,0,0,1.05045871559633027523,"Current","Low Risk"
100030,32,31900,"Employed",6.8,"Unsecured Personal Loan",5900,12,5.92,715,20700,0,1,0,0.18495297805642633229,"Current","High Risk"
100031,57,15800,"Self-Employed",3.4,"Unsecured Personal Loan",16500,12,5.93,672,10600,60,0,1,1.04430379746835443038,"60-89 DPD","Medium Risk"
100032,38,44300,"Employed",3.3,"Auto Loan",4100,12,5.21,536,8400,0,2,0,0.09255079006772009029,"Current","High Risk"
100033,27,50200,"Contract",9.1,"Unsecured Personal Loan",13700,36,10.13,NULL,13100,0,3,0,0.27290836653386454183,"Current","High Risk"
100034,46,28500,"Employed",2.2,"Auto Loan",41700,36,5.37,709,49100,0,0,0,1.4631578947368421,"Current","Low Risk"
100035,26,79800,"Employed",9.8,"Auto Loan",7600,36,9.43,626,2900,0,0,0,0.09523809523809523810,"Current","Medium Risk"
100036,40,19700,"Self-Employed",2.6,"Unsecured Personal Loan",8100,12,6.35,NULL,17100,0,1,0,0.41116751269035532995,"Current","High Risk"
100037,18,17500,"Self-Employed",2,"Auto Loan",21100,36,1.57,798,5200,0,3,0,1.2057142857142857,"Current","High Risk"
100038,25,40600,"Employed",3,"Auto Loan",5300,48,5.79,719,9800,30,0,0,0.13054187192118226601,"30-59 DPD","Medium Risk"
100039,40,61300,"Self-Employed",7.2,"Auto Loan",9100,36,3.96,662,8300,0,1,0,0.14845024469820554649,"Current","High Risk"
100040,45,84300,"Employed",0.7,"Unsecured Personal Loan",19100,48,7.6,589,7300,0,1,0,0.22657176749703440095,"Current","High Risk"
100041,40,28900,"Unemployed",1.1,"Unsecured Personal Loan",9100,24,3.93,614,9800,0,0,0,0.31487889273356401384,"Current","Medium Risk"
100042,37,62300,"Contract",15.1,"Mortgage",11600,48,10.28,784,4500,0,0,0,0.18619582664526484751,"Current","Low Risk"
100043,35,35600,"Contract",1,"Auto Loan",20900,36,7.23,691,20300,0,1,0,0.58707865168539325843,"Current","High Risk"
100044,23,33300,"Self-Employed",4.2,"Unsecured Personal Loan",17200,24,6.97,636,2800,10,0,0,0.51651651651651651652,"Current","Medium Risk"
100045,31,56500,"Employed",4.3,"Unsecured Personal Loan",15700,24,9.47,721,14400,0,0,0,0.27787610619469026549,"Current","Low Risk"
100046,33,50300,"Employed",3.4,"Unsecured Personal Loan",10900,36,10.39,615,7900,60,0,0,0.21669980119284294235,"60-89 DPD","Medium Risk"
100047,49,16500,"Unemployed",5.2,"Unsecured Personal Loan",66800,48,7.44,800,4400,0,0,0,4.0484848484848485,"Current","Low Risk"
100048,41,NULL,"Employed",1.3,"Auto Loan",12400,36,5.19,NULL,11400,0,0,0,NULL,"Current","Low Risk"
100049,20,72400,"Employed",4,"Unsecured Personal Loan",17600,24,2.18,643,3300,0,2,0,0.24309392265193370166,"Current","High Risk"
100050,41,26600,"Employed",2.3,"Unsecured Personal Loan",9900,48,5.44,630,10200,0,0,0,0.37218045112781954887,"Current","Medium Risk"
100051,34,44300,"Employed",5.4,"Auto Loan",12000,36,5.65,471,3700,20,0,0,0.27088036117381489842,"Current","Medium Risk"
100052,31,46500,"Self-Employed",0.8,"Unsecured Personal Loan",7400,36,7.82,561,13700,30,0,0,0.15913978494623655914,"30-59 DPD","Medium Risk"
100053,44,41400,"Employed",4.2,"Auto Loan",13100,36,6.46,573,5200,0,0,0,0.31642512077294685990,"Current","Medium Risk"
100054,48,27600,"Unemployed",1,"Auto Loan",8200,24,9.56,691,7200,0,0,0,0.29710144927536231884,"Current","Low Risk"
100055,47,26000,"Employed",1.6,"Unsecured Personal Loan",6800,36,5.66,654,12200,0,0,0,0.26153846153846153846,"Current","Low Risk"
100056,30,35900,"Employed",1.2,"Auto Loan",15600,24,7.33,572,5800,0,0,1,0.43454038997214484680,"Current","Medium Risk"
100057,35,65300,"Employed",1,"Auto Loan",15200,60,11.05,658,9500,90,0,0,0.23277182235834609495,"90+ DPD","High Risk"
100058,41,47700,"Employed",8.7,"Unsecured Personal Loan",21400,36,8.53,720,3400,0,0,0,0.44863731656184486373,"Current","Low Risk"
100059,48,30200,"Employed",1.7,"Unsecured Personal Loan",10300,36,7.32,722,15400,10,0,0,0.34105960264900662252,"Current","Low Risk"
100060,33,53400,"Unemployed",13.1,"Auto Loan",17100,36,5.69,528,34000,0,2,0,0.32022471910112359551,"Current","High Risk"
100061,36,8700,"Employed",17.5,"Mortgage",18600,60,5.6,670,69900,0,0,0,2.1379310344827586,"Current","Low Risk"
100062,27,64500,"Contract",4.2,"Auto Loan",17400,48,4.95,569,10500,0,0,0,0.26976744186046511628,"Current","Medium Risk"
100063,26,15200,"Employed",NULL,"Unsecured Personal Loan",8100,36,5.88,752,17200,0,0,1,0.53289473684210526316,"Current","Low Risk"
100064,46,30300,"Employed",2.3,"Auto Loan",14600,48,9.77,743,2800,20,0,0,0.48184818481848184818,"Current","Low Risk"
100065,52,20700,"Unemployed",8,"Unsecured Personal Loan",16600,36,6.83,608,28300,0,0,0,0.80193236714975845411,"Current","Medium Risk"
100066,37,19000,"Employed",2.3,"Auto Loan",13400,36,3.45,619,17000,10,0,0,0.70526315789473684211,"Current","Medium Risk"
100067,48,64900,"Employed",0.5,"Auto Loan",3800,24,12.8,643,7100,0,0,0,0.05855161787365177196,"Current","Medium Risk"
100068,42,28700,"Employed",NULL,"Auto Loan",14700,36,8.46,500,23500,90,1,1,0.51219512195121951220,"90+ DPD","High Risk"
100069,32,43200,"Employed",9.3,"Mortgage",50400,24,3.28,707,8300,0,2,0,1.1666666666666667,"Current","High Risk"
100070,42,35500,"Contract",7.9,"Auto Loan",10800,60,6.17,658,7200,30,0,0,0.30422535211267605634,"30-59 DPD","Medium Risk"
100071,53,46100,"Employed",1,"Auto Loan",8600,24,7.83,758,13800,20,0,0,0.18655097613882863341,"Current","Low Risk"
100072,38,37700,"Unemployed",5.6,"Unsecured Personal Loan",16700,60,12.61,592,4700,90,0,1,0.44297082228116710875,"90+ DPD","High Risk"
100073,54,19100,"Contract",1.2,"Mortgage",16100,36,4.18,630,20200,0,2,0,0.84293193717277486911,"Current","High Risk"
100074,18,59800,"Employed",1.2,"Mortgage",27300,36,10.43,559,4700,10,2,0,0.45652173913043478261,"Current","High Risk"
100075,46,28400,"Contract",10.4,"Unsecured Personal Loan",6300,36,11.7,600,4700,0,0,0,0.22183098591549295775,"Current","Medium Risk"
100076,39,16700,"Employed",1.4,"Unsecured Personal Loan",20700,12,5.61,585,5200,0,0,1,1.2395209580838323,"Current","Medium Risk"
100077,35,29300,"Retired",1.5,"Unsecured Personal Loan",19000,24,6.67,NULL,16800,0,0,0,0.64846416382252559727,"Current","Low Risk"
100078,39,76900,"Employed",0,"Auto Loan",12300,12,4.39,624,6400,0,0,0,0.15994798439531859558,"Current","Medium Risk"
100079,18,55600,"Self-Employed",10.2,"Auto Loan",16400,36,6.89,690,3900,120,0,0,0.29496402877697841727,"90+ DPD","High Risk"
100080,36,30500,"Employed",7.9,"Unsecured Personal Loan",24800,36,7.39,650,6500,0,0,0,0.81311475409836065574,"Current","Low Risk"
100081,42,NULL,"Employed",4.9,"Mortgage",22500,48,9.48,578,9700,0,0,0,NULL,"Current","Medium Risk"
100082,53,30900,"Self-Employed",6.9,"Unsecured Personal Loan",6700,24,10.77,667,4300,0,2,0,0.21682847896440129450,"Current","High Risk"
100083,33,102600,"Unemployed",0.8,"Auto Loan",21900,24,5.26,728,4400,0,3,0,0.21345029239766081871,"Current","High Risk"
100084,30,44000,"Employed",3.1,"Unsecured Personal Loan",12900,36,1.6,583,43400,10,0,1,0.29318181818181818182,"Current","Medium Risk"
100085,33,45000,"Employed",2.2,"Unsecured Personal Loan",14000,60,7.44,745,5400,0,0,0,0.31111111111111111111,"Current","Low Risk"
100086,47,60800,"Unemployed",0.5,"Unsecured Personal Loan",14000,48,8.38,612,7900,0,1,0,0.23026315789473684211,"Current","High Risk"
100087,41,40900,"Self-Employed",3.3,"Unsecured Personal Loan",12200,36,8.25,641,7700,0,0,0,0.29828850855745721271,"Current","Medium Risk"
100088,33,31900,"Retired",12.7,"Auto Loan",27300,36,6.52,722,7400,60,0,0,0.85579937304075235110,"60-89 DPD","Medium Risk"
100089,43,32900,"Unemployed",0.2,"Auto Loan",12700,12,7.87,627,15300,20,0,0,0.38601823708206686930,"Current","Medium Risk"
100090,39,35000,"Retired",1.7,"Unsecured Personal Loan",6800,60,12.05,683,19200,90,0,0,0.19428571428571428571,"90+ DPD","High Risk"
100091,48,35600,"Unemployed",1.2,"Unsecured Personal Loan",10600,36,8.65,655,8000,0,0,0,0.29775280898876404494,"Current","Low Risk"
100092,31,52300,"Employed",1.4,"Unsecured Personal Loan",14900,24,6.38,690,4200,0,0,0,0.28489483747609942639,"Current","Low Risk"
100093,35,37300,"Employed",12,"Auto Loan",27900,36,6,490,24200,0,0,0,0.74798927613941018767,"Current","Medium Risk"
100094,34,NULL,"Unemployed",3.2,"Auto Loan",19200,12,6.99,534,9300,0,0,0,NULL,"Current","Medium Risk"
100095,23,34900,"Self-Employed",3.1,"Unsecured Personal Loan",8000,60,12.41,729,33200,0,0,0,0.22922636103151862464,"Current","Low Risk"
100096,41,37800,"Employed",7.1,"Auto Loan",59300,24,6.95,763,2100,10,0,0,1.5687830687830688,"Current","Low Risk"
100097,41,13400,"Employed",0.8,"Unsecured Personal Loan",15700,36,7.44,607,11300,0,1,0,1.17164179104477611940,"Current","High Risk"
100098,38,57400,"Retired",NULL,"Mortgage",28700,24,6.05,660,37900,0,0,0,0.50000000000000000000,"Current","Low Risk"
100099,36,43200,"Employed",2.8,"Mortgage",12200,48,10.8,704,7700,30,0,0,0.28240740740740740741,"30-59 DPD","Medium Risk"
100100,24,59800,"Employed",4.5,"Auto Loan",18400,48,13.38,735,8500,10,0,0,0.30769230769230769231,"Current","Low Risk"
100101,34,8500,"Employed",38.6,"Mortgage",22100,36,8.85,518,12200,0,0,1,2.6000000000000000,"Current","Medium Risk"
100102,35,103200,"Employed",7.3,"Mortgage",27700,36,7.75,609,6700,0,0,0,0.26841085271317829457,"Current","Medium Risk"
100103,30,33900,"Employed",2.5,"Mortgage",25200,48,7.61,653,8000,0,0,0,0.74336283185840707965,"Current","Low Risk"
100104,36,63200,"Employed",8.8,"Auto Loan",22500,12,0.35,736,7800,0,0,0,0.35601265822784810127,"Current","Low Risk"
100105,42,21600,"Employed",0.9,"Unsecured Personal Loan",11100,24,9.74,880,6400,0,0,0,0.51388888888888888889,"Current","Low Risk"
100106,57,49300,"Unemployed",0.2,"Unsecured Personal Loan",9500,24,7.9,662,23400,0,0,0,0.19269776876267748479,"Current","Low Risk"
100107,40,21400,"Employed",1.1,"Unsecured Personal Loan",16300,60,8.79,567,13700,30,0,0,0.76168224299065420561,"30-59 DPD","Medium Risk"
100108,41,26600,"Contract",2.1,"Auto Loan",23400,24,5.37,712,11800,20,0,1,0.87969924812030075188,"Current","Low Risk"
100109,37,94600,"Contract",3.6,"Unsecured Personal Loan",11700,48,6.35,786,17400,0,0,0,0.12367864693446088795,"Current","Low Risk"
100110,19,33000,"Employed",4.8,"Unsecured Personal Loan",25300,36,6.27,689,8200,0,0,0,0.76666666666666666667,"Current","Low Risk"
100111,38,40500,"Self-Employed",12.1,"Unsecured Personal Loan",31900,24,10.56,607,5800,0,0,0,0.78765432098765432099,"Current","Medium Risk"
100112,39,56100,"Employed",3.6,"Unsecured Personal Loan",7700,24,6.36,757,6500,20,0,0,0.13725490196078431373,"Current","Low Risk"
100113,63,46500,"Contract",3.5,"Auto Loan",8100,24,13.75,733,9900,0,0,0,0.17419354838709677419,"Current","Low Risk"
100114,36,39200,"Employed",NULL,"Mortgage",12300,36,8.79,598,4700,0,0,0,0.31377551020408163265,"Current","Medium Risk"
100115,41,43600,"Self-Employed",0.2,"Auto Loan",16100,24,3.67,711,7000,0,0,0,0.36926605504587155963,"Current","Low Risk"
100116,38,NULL,"Self-Employed",4,"Auto Loan",9800,12,7.11,760,6900,0,0,0,NULL,"Current","Low Risk"
100117,26,35300,"Employed",2.9,"Auto Loan",30100,48,5.54,775,43800,20,0,0,0.85269121813031161473,"Current","Low Risk"
100118,49,40200,"Employed",9.1,"Unsecured Personal Loan",17200,60,0.92,675,1400,0,0,0,0.42786069651741293532,"Current","Low Risk"
100119,46,61400,"Self-Employed",0.9,"Unsecured Personal Loan",13700,24,12.3,651,8700,0,3,0,0.22312703583061889251,"Current","High Risk"
100120,46,63100,"Unemployed",0.1,"Mortgage",5600,24,9.61,778,33100,0,1,0,0.08874801901743264659,"Current","High Risk"
100121,29,65700,"Employed",3,"Unsecured Personal Loan",6100,12,9.1,583,10800,0,0,0,0.09284627092846270928,"Current","Medium Risk"
100122,52,50000,"Self-Employed",1.4,"Unsecured Personal Loan",15800,36,8,715,16800,30,0,0,0.31600000000000000000,"30-59 DPD","Medium Risk"
100123,24,20500,"Employed",0.3,"Auto Loan",3700,48,3.35,570,10600,30,0,0,0.18048780487804878049,"30-59 DPD","Medium Risk"
100124,44,82200,"Unemployed",6.4,"Unsecured Personal Loan",24500,12,6.05,765,6200,0,0,0,0.29805352798053527981,"Current","Low Risk"
100125,60,20500,"Employed",0.6,"Unsecured Personal Loan",12200,24,10.03,659,2100,0,0,0,0.59512195121951219512,"Current","Low Risk"
100126,28,42200,"Contract",4.7,"Unsecured Personal Loan",93500,48,4.35,781,11400,0,0,0,2.2156398104265403,"Current","Low Risk"
100127,32,24900,"Employed",1.6,"Unsecured Personal Loan",53400,36,-0.1,719,5800,0,1,0,2.1445783132530120,"Current","High Risk"
100128,39,35200,"Employed",1,"Unsecured Personal Loan",12000,12,6.82,582,5700,0,0,0,0.34090909090909090909,"Current","Medium Risk"
100129,33,42800,"Employed",2.4,"Unsecured Personal Loan",12500,36,7.07,794,7000,10,0,0,0.29205607476635514019,"Current","Low Risk"
100130,22,42600,"Employed",8.1,"Auto Loan",24300,24,7.91,804,33600,0,0,0,0.57042253521126760563,"Current","Low Risk"
100131,39,44800,"Employed",2.5,"Mortgage",37100,24,9.69,751,53300,0,0,0,0.82812500000000000000,"Current","Low Risk"
100132,27,81400,"Employed",6.9,"Unsecured Personal Loan",5000,48,9.41,619,11500,0,1,0,0.06142506142506142506,"Current","High Risk"
100133,43,45600,"Contract",0.7,"Mortgage",4600,48,8.28,656,7100,20,1,0,0.10087719298245614035,"Current","High Risk"
100134,29,32100,"Employed",NULL,"Unsecured Personal Loan",9200,36,11.09,692,4300,0,2,0,0.28660436137071651090,"Current","High Risk"
100135,53,58800,"Employed",1.4,"Unsecured Personal Loan",19000,60,2.94,624,13700,10,0,0,0.32312925170068027211,"Current","Medium Risk"
100136,30,65800,"Employed",5.7,"Unsecured Personal Loan",18000,36,9.01,815,34500,0,0,0,0.27355623100303951368,"Current","Low Risk"
100137,35,19700,"Employed",4.2,"Auto Loan",25400,48,9.38,692,8300,0,0,0,1.2893401015228426,"Current","Low Risk"
100138,46,49000,"Employed",NULL,"Unsecured Personal Loan",6500,36,3.78,464,1900,10,0,0,0.13265306122448979592,"Current","Medium Risk"
100139,26,51600,"Employed",2.4,"Auto Loan",3300,48,2.99,707,15800,0,0,0,0.06395348837209302326,"Current","Low Risk"
100140,40,31300,"Employed",0.3,"Auto Loan",22400,60,5.26,652,19700,20,0,0,0.71565495207667731629,"Current","Low Risk"
100141,51,72200,"Employed",0.1,"Auto Loan",8100,12,5.52,674,3300,0,0,0,0.11218836565096952909,"Current","Low Risk"
100142,22,33700,"Employed",8.8,"Auto Loan",4000,60,9.76,651,11200,0,0,0,0.11869436201780415430,"Current","Low Risk"
100143,40,38700,"Self-Employed",3.7,"Mortgage",14600,48,5.66,745,13600,0,0,0,0.37726098191214470284,"Current","Low Risk"
100144,41,33300,"Employed",7.5,"Unsecured Personal Loan",21500,48,4.93,770,9400,0,0,0,0.64564564564564564565,"Current","Low Risk"
100145,46,36600,"Employed",1.3,"Unsecured Personal Loan",12400,24,5.67,703,5700,0,0,0,0.33879781420765027322,"Current","Low Risk"
100146,26,21000,"Retired",2.1,"Auto Loan",10200,48,10.86,653,20200,0,0,0,0.48571428571428571429,"Current","Low Risk"
100147,25,17700,"Employed",0.2,"Auto Loan",12100,48,7.54,677,7500,10,0,0,0.68361581920903954802,"Current","Low Risk"
100148,43,80600,"Self-Employed",16.3,"Unsecured Personal Loan",10700,24,6.96,682,3500,0,0,0,0.13275434243176178660,"Current","Low Risk"
100149,41,23800,"Employed",5.5,"Unsecured Personal Loan",6000,60,7.17,616,2400,0,0,0,0.25210084033613445378,"Current","Medium Risk"
100150,41,22100,"Unemployed",13.5,"Unsecured Personal Loan",8700,12,11.38,726,23900,0,3,0,0.39366515837104072398,"Current","High Risk"
100151,41,12400,"Unemployed",1.5,"Unsecured Personal Loan",18300,12,5.25,717,15200,0,0,0,1.47580645161290322581,"Current","Low Risk"
100152,31,26400,"Employed",4.7,"Unsecured Personal Loan",16200,36,11.45,803,10500,0,0,0,0.61363636363636363636,"Current","Low Risk"
100153,40,NULL,"Retired",5.7,"Mortgage",14800,36,8.13,780,7300,10,0,0,NULL,"Current","Low Risk"
100154,41,82500,"Employed",1.9,"Auto Loan",7400,36,7.02,625,6800,20,1,0,0.08969696969696969697,"Current","High Risk"
100155,31,60200,"Employed",9.4,"Unsecured Personal Loan",12000,12,15,746,4700,0,0,0,0.19933554817275747508,"Current","Low Risk"
100156,57,25700,"Unemployed",14.7,"Auto Loan",3600,60,4.33,604,7300,90,0,1,0.14007782101167315175,"90+ DPD","High Risk"
100157,43,112000,"Contract",10.8,"Mortgage",14900,12,6.44,736,2200,0,0,0,0.13303571428571428571,"Current","Low Risk"
100158,26,59300,"Employed",6.7,"Unsecured Personal Loan",31500,12,3.8,639,5900,60,0,0,0.53119730185497470489,"60-89 DPD","Medium Risk"
100159,45,30900,"Employed",1.6,"Unsecured Personal Loan",5500,12,10.36,598,8000,10,0,0,0.17799352750809061489,"Current","Medium Risk"
100160,28,10400,"Employed",1.7,"Auto Loan",9400,36,12.57,702,15200,10,0,0,0.90384615384615384615,"Current","Low Risk"
100161,46,114200,"Employed",16.5,"Auto Loan",16300,60,12.51,466,9600,0,1,0,0.14273204903677758319,"Current","High Risk"
100162,50,18100,"Unemployed",0.1,"Unsecured Personal Loan",28300,36,11.17,540,17300,0,1,0,1.5635359116022099,"Current","High Risk"
100163,30,16000,"Employed",6.3,"Mortgage",10200,48,6.91,666,25400,0,0,0,0.63750000000000000000,"Current","Low Risk"
100164,48,60600,"Employed",6.1,"Unsecured Personal Loan",8800,12,6.4,687,20800,10,0,0,0.14521452145214521452,"Current","Low Risk"
100165,42,123000,"Employed",4.9,"Unsecured Personal Loan",4100,36,2.49,NULL,13800,0,0,0,0.03333333333333333333,"Current","Low Risk"
100166,46,72600,"Employed",23.1,"Unsecured Personal Loan",14200,36,13.61,554,10000,20,1,0,0.19559228650137741047,"Current","High Risk"
100167,57,48100,"Employed",1.9,"Unsecured Personal Loan",45500,36,8.91,615,5000,0,0,0,0.94594594594594594595,"Current","Medium Risk"
100168,36,48900,"Self-Employed",2.1,"Auto Loan",15800,12,6.02,711,16600,20,3,0,0.32310838445807770961,"Current","High Risk"
100169,30,55600,"Retired",0.4,"Mortgage",13200,36,11.48,727,32100,0,0,0,0.23741007194244604317,"Current","Low Risk"
100170,29,53100,"Contract",2.9,"Unsecured Personal Loan",16200,36,4.58,679,12600,0,0,0,0.30508474576271186441,"Current","Low Risk"
100171,30,41800,"Employed",1.5,"Mortgage",13300,48,8.72,773,37900,0,1,0,0.31818181818181818182,"Current","High Risk"
100172,37,38300,"Contract",2.1,"Mortgage",8200,36,6.98,712,3400,0,0,0,0.21409921671018276762,"Current","Low Risk"
100173,41,35200,"Unemployed",9,"Unsecured Personal Loan",21900,12,9.42,620,4400,0,0,0,0.62215909090909090909,"Current","Medium Risk"
100174,41,24900,"Unemployed",13.7,"Auto Loan",15300,36,7.31,658,18000,20,0,0,0.61445783132530120482,"Current","Low Risk"
100175,46,31600,"Employed",1,"Unsecured Personal Loan",13500,24,3.15,568,11900,0,0,0,0.42721518987341772152,"Current","Medium Risk"
100176,38,15600,"Employed",NULL,"Auto Loan",7400,48,7.73,671,24800,0,0,0,0.47435897435897435897,"Current","Low Risk"
100177,53,34600,"Employed",NULL,"Unsecured Personal Loan",29200,36,10.65,769,9800,30,0,0,0.84393063583815028902,"30-59 DPD","Medium Risk"
100178,35,NULL,"Employed",0.3,"Auto Loan",19900,24,7.41,735,5400,0,0,1,NULL,"Current","Low Risk"
100179,65,20900,"Employed",0.5,"Unsecured Personal Loan",9600,60,9.83,792,8500,60,3,0,0.45933014354066985646,"60-89 DPD","High Risk"
100180,44,39700,"Employed",0.9,"Mortgage",24400,36,4.36,656,3400,120,3,1,0.61460957178841309824,"90+ DPD","High Risk"
100181,29,72800,"Employed",4.5,"Mortgage",9900,12,7.42,788,4500,0,0,0,0.13598901098901098901,"Current","Low Risk"
100182,27,57500,"Unemployed",0.8,"Unsecured Personal Loan",8400,36,5.63,665,19500,0,0,0,0.14608695652173913043,"Current","Low Risk"
100183,43,16600,"Employed",17.2,"Unsecured Personal Loan",8500,24,9.74,798,18200,0,0,0,0.51204819277108433735,"Current","Low Risk"
100184,36,22100,"Employed",3,"Unsecured Personal Loan",4600,48,7.59,678,12800,20,0,0,0.20814479638009049774,"Current","Low Risk"
100185,45,58100,"Retired",3.5,"Auto Loan",17700,48,9.57,737,3000,0,0,0,0.30464716006884681583,"Current","Low Risk"
100186,43,22200,"Contract",1.4,"Unsecured Personal Loan",4500,60,10.76,798,7700,0,2,0,0.20270270270270270270,"Current","High Risk"
100187,37,32500,"Unemployed",3.2,"Auto Loan",6400,36,9.57,665,4200,20,2,0,0.19692307692307692308,"Current","High Risk"
100188,30,47800,"Retired",5.4,"Unsecured Personal Loan",3800,36,8.32,NULL,22600,0,0,0,0.07949790794979079498,"Current","Low Risk"
100189,23,22400,"Employed",7,"Unsecured Personal Loan",12700,48,4.51,783,6600,30,0,0,0.56696428571428571429,"30-59 DPD","Medium Risk"
100190,34,38300,"Retired",7,"Unsecured Personal Loan",12200,12,7.49,669,4600,10,0,0,0.31853785900783289817,"Current","Low Risk"
100191,47,18600,"Employed",NULL,"Unsecured Personal Loan",11000,36,5.9,574,10100,0,0,0,0.59139784946236559140,"Current","Medium Risk"
100192,40,26900,"Employed",11.7,"Auto Loan",7100,36,6.47,851,6300,30,0,0,0.26394052044609665428,"30-59 DPD","Medium Risk"
100193,26,42600,"Employed",8.5,"Mortgage",6600,12,6.38,642,28000,10,0,0,0.15492957746478873239,"Current","Medium Risk"
100194,40,16400,"Employed",7.1,"Unsecured Personal Loan",17700,36,4.56,693,5900,0,1,0,1.07926829268292682927,"Current","High Risk"
100195,42,45300,"Employed",0.3,"Auto Loan",9600,48,1.63,772,3700,0,0,0,0.21192052980132450331,"Current","Low Risk"
100196,29,36000,"Self-Employed",0,"Unsecured Personal Loan",16200,48,5.5,NULL,2200,0,2,0,0.45000000000000000000,"Current","High Risk"
100197,40,47900,"Unemployed",1.2,"Auto Loan",7900,12,8.08,599,9700,0,0,0,0.16492693110647181628,"Current","Medium Risk"
100198,39,40600,"Self-Employed",5.4,"Unsecured Personal Loan",14900,12,3.46,700,6700,90,0,1,0.36699507389162561576,"90+ DPD","High Risk"
100199,27,71800,"Employed",2.6,"Auto Loan",29200,24,7.55,537,3600,0,1,0,0.40668523676880222841,"Current","High Risk"
100200,42,38700,"Contract",2.6,"Mortgage",19000,48,13.2,657,22800,10,1,0,0.49095607235142118863,"Current","High Risk"
100201,44,29300,"Self-Employed",10.8,"Unsecured Personal Loan",10400,12,10.57,700,15800,0,0,0,0.35494880546075085324,"Current","Low Risk"
100202,49,38600,"Employed",11.3,"Auto Loan",15600,48,12.43,658,9700,0,0,0,0.40414507772020725389,"Current","Low Risk"
100203,49,47700,"Self-Employed",12,"Unsecured Personal Loan",11600,12,8.67,557,25700,60,2,0,0.24318658280922431866,"60-89 DPD","High Risk"
100204,24,37200,"Employed",1.9,"Unsecured Personal Loan",13400,36,11,808,15700,30,0,0,0.36021505376344086022,"30-59 DPD","Medium Risk"
100205,29,37100,"Employed",5.9,"Unsecured Personal Loan",11000,24,5.33,688,5600,0,0,0,0.29649595687331536388,"Current","Low Risk"
100206,43,25600,"Contract",1.6,"Unsecured Personal Loan",12100,48,5.57,794,4800,0,0,0,0.47265625000000000000,"Current","Low Risk"
100207,43,26100,"Employed",1.1,"Unsecured Personal Loan",15200,24,-0.72,659,17500,0,1,0,0.58237547892720306513,"Current","High Risk"
100208,43,18000,"Employed",1,"Unsecured Personal Loan",7400,36,11.06,610,13100,0,1,0,0.41111111111111111111,"Current","High Risk"
100209,75,87100,"Contract",2.1,"Unsecured Personal Loan",7300,24,12.12,702,11100,0,2,1,0.08381171067738231917,"Current","High Risk"
100210,44,19500,"Unemployed",2.8,"Unsecured Personal Loan",23200,48,5.84,663,5500,0,0,0,1.1897435897435897,"Current","Low Risk"
100211,49,25700,"Employed",8.9,"Auto Loan",5100,48,6.74,586,15100,90,0,0,0.19844357976653696498,"90+ DPD","High Risk"
100212,48,25400,"Employed",0.6,"Mortgage",6400,12,5.24,798,5800,0,0,0,0.25196850393700787402,"Current","Low Risk"
100213,45,56800,"Employed",6.6,"Unsecured Personal Loan",14700,48,8.65,630,9200,30,1,0,0.25880281690140845070,"30-59 DPD","High Risk"
100214,35,31300,"Self-Employed",3.8,"Unsecured Personal Loan",7800,36,10.87,533,27300,10,0,0,0.24920127795527156550,"Current","Medium Risk"
100215,46,67800,"Employed",1.7,"Unsecured Personal Loan",18200,12,2.27,786,6200,0,0,0,0.26843657817109144543,"Current","Low Risk"
100216,30,25900,"Employed",3.4,"Mortgage",13600,36,8.73,640,3300,30,0,0,0.52509652509652509653,"30-59 DPD","Medium Risk"
100217,36,41800,"Retired",1.8,"Auto Loan",4100,24,6.67,631,4700,0,0,0,0.09808612440191387560,"Current","Medium Risk"
100218,33,23900,"Employed",4.5,"Unsecured Personal Loan",19800,48,7.84,539,19900,30,1,0,0.82845188284518828452,"30-59 DPD","High Risk"
100219,39,106100,"Employed",2.8,"Unsecured Personal Loan",21700,48,8.88,819,11800,0,0,0,0.20452403393025447691,"Current","Low Risk"
100220,61,20100,"Employed",0.9,"Unsecured Personal Loan",7400,12,6.94,577,9000,0,3,0,0.36815920398009950249,"Current","High Risk"
100221,19,42400,"Self-Employed",0.6,"Unsecured Personal Loan",17200,36,7.19,685,6900,30,0,0,0.40566037735849056604,"30-59 DPD","Medium Risk"
100222,45,49900,"Employed",4,"Mortgage",8000,48,6.86,753,13900,0,2,0,0.16032064128256513026,"Current","High Risk"
100223,22,44700,"Employed",NULL,"Mortgage",14200,60,10.41,714,5500,30,1,0,0.31767337807606263982,"30-59 DPD","High Risk"
100224,33,33100,"Contract",2.1,"Unsecured Personal Loan",6300,36,8.76,675,12300,60,0,0,0.19033232628398791541,"60-89 DPD","Medium Risk"
100225,49,34000,"Employed",6.6,"Auto Loan",4600,60,8.16,544,5900,0,3,0,0.13529411764705882353,"Current","High Risk"
100226,39,37100,"Employed",5.4,"Unsecured Personal Loan",10600,36,3.69,615,5300,0,0,0,0.28571428571428571429,"Current","Medium Risk"
100227,27,33700,"Employed",13.4,"Unsecured Personal Loan",12400,24,6.36,695,6300,0,1,0,0.36795252225519287834,"Current","High Risk"
100228,31,58800,"Employed",NULL,"Mortgage",10500,48,10.2,617,7600,0,1,1,0.17857142857142857143,"Current","High Risk"
100229,45,109700,"Employed",4.2,"Auto Loan",6600,36,7.61,696,9600,20,1,0,0.06016408386508659982,"Current","High Risk"
100230,31,27500,"Employed",5.4,"Unsecured Personal Loan",10500,36,9.48,735,11700,0,0,0,0.38181818181818181818,"Current","Low Risk"
100231,40,NULL,"Employed",11.4,"Unsecured Personal Loan",15700,36,12.8,757,700,0,0,0,NULL,"Current","Low Risk"
100232,38,34700,"Employed",2.6,"Mortgage",13000,48,10.62,582,5600,10,0,0,0.37463976945244956772,"Current","Medium Risk"
100233,31,131900,"Contract",2,"Auto Loan",14900,48,7.78,856,7500,0,0,0,0.11296436694465504170,"Current","Low Risk"
100234,59,24300,"Retired",0.1,"Unsecured Personal Loan",8900,36,5.97,741,28400,20,1,0,0.36625514403292181070,"Current","High Risk"
100235,44,82400,"Unemployed",8.8,"Unsecured Personal Loan",27000,24,-0.16,680,4600,0,1,0,0.32766990291262135922,"Current","High Risk"
100236,18,84000,"Contract",8.1,"Unsecured Personal Loan",6600,36,6.99,767,11100,60,2,0,0.07857142857142857143,"60-89 DPD","High Risk"
100237,40,27500,"Employed",0.6,"Mortgage",17900,36,6.52,869,28200,0,0,0,0.65090909090909090909,"Current","Low Risk"
100238,31,48300,"Retired",4.3,"Auto Loan",108800,24,8.67,565,3900,0,1,0,2.2525879917184265,"Current","High Risk"
100239,47,82000,"Employed",3.1,"Unsecured Personal Loan",17800,48,7.04,662,13000,0,2,0,0.21707317073170731707,"Current","High Risk"
100240,30,30000,"Retired",0.6,"Auto Loan",11800,36,6.54,NULL,5600,0,1,0,0.39333333333333333333,"Current","High Risk"
100241,37,32800,"Retired",19.7,"Auto Loan",9700,24,2.16,NULL,7000,90,0,0,0.29573170731707317073,"90+ DPD","High Risk"
100242,43,27200,"Unemployed",NULL,"Unsecured Personal Loan",24900,12,4.68,709,5600,0,0,0,0.91544117647058823529,"Current","Low Risk"
100243,47,21900,"Retired",0.3,"Unsecured Personal Loan",5700,24,8.93,677,5900,20,0,0,0.26027397260273972603,"Current","Low Risk"
100244,26,26200,"Self-Employed",NULL,"Auto Loan",7500,60,12.65,628,66500,0,0,0,0.28625954198473282443,"Current","Medium Risk"
100245,35,19700,"Employed",6.7,"Auto Loan",10500,24,7.21,516,17900,0,0,0,0.53299492385786802030,"Current","Medium Risk"
100246,33,36900,"Employed",0.2,"Auto Loan",28100,24,8.48,710,21400,0,3,0,0.76151761517615176152,"Current","High Risk"
100247,31,24700,"Self-Employed",5.4,"Mortgage",16800,36,10.36,796,14000,0,0,0,0.68016194331983805668,"Current","Low Risk"
100248,56,204000,"Employed",3.8,"Unsecured Personal Loan",7500,24,5.07,633,3200,0,0,0,0.03676470588235294118,"Current","Medium Risk"
100249,42,16700,"Self-Employed",0.5,"Unsecured Personal Loan",11100,12,8.6,715,13000,0,0,0,0.66467065868263473054,"Current","Low Risk"
100250,25,42800,"Retired",0.9,"Mortgage",9200,24,5.28,555,21000,60,1,0,0.21495327102803738318,"60-89 DPD","High Risk"
100251,47,55100,"Employed",4.2,"Unsecured Personal Loan",8700,36,10.09,717,5400,0,2,0,0.15789473684210526316,"Current","High Risk"
100252,59,NULL,"Unemployed",1.8,"Auto Loan",24000,36,7.95,649,19500,0,1,0,NULL,"Current","High Risk"
100253,48,43800,"Contract",13.9,"Auto Loan",5900,24,8.4,619,16200,0,0,0,0.13470319634703196347,"Current","Medium Risk"
100254,23,67100,"Contract",8.5,"Auto Loan",35100,36,5.15,619,36200,0,0,0,0.52309985096870342772,"Current","Medium Risk"
100255,33,19800,"Retired",20.5,"Unsecured Personal Loan",22000,60,9.62,649,7400,60,1,1,1.1111111111111111,"60-89 DPD","High Risk"
100256,51,83800,"Employed",1.5,"Auto Loan",25700,24,13.75,711,4600,0,0,0,0.30668257756563245823,"Current","Low Risk"
100257,31,44800,"Retired",17.5,"Mortgage",10100,24,4.48,NULL,7700,0,0,0,0.22544642857142857143,"Current","Low Risk"
100258,42,25500,"Unemployed",2.8,"Auto Loan",12200,24,6.48,648,27000,0,0,0,0.47843137254901960784,"Current","Medium Risk"
100259,46,NULL,"Employed",NULL,"Unsecured Personal Loan",5700,36,8.19,NULL,2800,0,0,0,NULL,"Current","Low Risk"
100260,29,48000,"Employed",0.3,"Unsecured Personal Loan",9800,48,9.86,592,2300,0,0,0,0.20416666666666666667,"Current","Medium Risk"
100261,37,37700,"Unemployed",0.3,"Unsecured Personal Loan",18000,24,5.82,824,10500,10,0,0,0.47745358090185676393,"Current","Low Risk"
100262,18,47500,"Employed",5.9,"Unsecured Personal Loan",29100,48,-1,612,7300,0,0,0,0.61263157894736842105,"Current","Medium Risk"
100263,28,22900,"Self-Employed",3.1,"Unsecured Personal Loan",6900,12,11.58,626,10000,0,0,0,0.30131004366812227074,"Current","Medium Risk"
100264,35,39500,"Self-Employed",1.3,"Mortgage",10700,36,9.78,602,19200,20,0,0,0.27088607594936708861,"Current","Medium Risk"
100265,26,17900,"Employed",4.8,"Auto Loan",12200,48,2.27,824,6700,0,0,0,0.68156424581005586592,"Current","Low Risk"
100266,54,34400,"Self-Employed",1.5,"Auto Loan",5800,24,5.68,724,2700,30,0,0,0.16860465116279069767,"30-59 DPD","Medium Risk"
100267,24,23100,"Unemployed",4.3,"Auto Loan",19000,36,12.2,605,41400,0,0,0,0.82251082251082251082,"Current","Medium Risk"
100268,34,25100,"Employed",2.2,"Unsecured Personal Loan",8700,24,11.84,768,4900,30,0,0,0.34661354581673306773,"30-59 DPD","Medium Risk"
100269,39,67400,"Employed",8.7,"Mortgage",11900,48,10.32,696,4700,0,0,0,0.17655786350148367953,"Current","Low Risk"
100270,52,62700,"Employed",8.6,"Unsecured Personal Loan",10200,12,6.97,701,21400,0,0,0,0.16267942583732057416,"Current","Low Risk"
100271,24,49200,"Employed",3.2,"Unsecured Personal Loan",8300,48,7.75,652,7600,0,0,0,0.16869918699186991870,"Current","Low Risk"
100272,50,21000,"Contract",2.2,"Unsecured Personal Loan",13300,24,7.11,620,9500,0,0,0,0.63333333333333333333,"Current","Medium Risk"
100273,38,31000,"Employed",2.3,"Mortgage",11700,48,10.88,707,13900,0,1,0,0.37741935483870967742,"Current","High Risk"
100274,28,66600,"Self-Employed",8.2,"Mortgage",10700,24,4.87,636,21100,0,0,0,0.16066066066066066066,"Current","Medium Risk"
100275,43,NULL,"Employed",2,"Unsecured Personal Loan",8600,48,5.08,825,7800,0,0,0,NULL,"Current","Low Risk"
100276,40,115800,"Employed",1.2,"Mortgage",16200,24,10.53,578,28700,0,0,0,0.13989637305699481865,"Current","Medium Risk"
100277,32,44200,"Contract",0.4,"Unsecured Personal Loan",36000,60,7.37,803,2200,0,3,0,0.81447963800904977376,"Current","High Risk"
100278,39,40000,"Unemployed",3.1,"Unsecured Personal Loan",14500,12,11.64,671,16800,20,0,0,0.36250000000000000000,"Current","Low Risk"
100279,34,31100,"Employed",3.3,"Mortgage",24300,24,5.49,704,5500,10,0,0,0.78135048231511254019,"Current","Low Risk"
100280,39,38800,"Employed",9.2,"Mortgage",5800,36,7.34,747,25900,0,0,0,0.14948453608247422680,"Current","Low Risk"
100281,45,33600,"Employed",1.3,"Auto Loan",14700,12,4.73,NULL,10900,0,1,0,0.43750000000000000000,"Current","High Risk"
100282,54,51700,"Employed",2.4,"Auto Loan",6900,24,7.52,749,6200,0,1,1,0.13346228239845261122,"Current","High Risk"
100283,26,58600,"Self-Employed",8.3,"Mortgage",5500,60,3.06,NULL,15700,0,0,0,0.09385665529010238908,"Current","Low Risk"
100284,59,24500,"Employed",8.7,"Auto Loan",8600,60,6.04,622,18500,30,0,0,0.35102040816326530612,"30-59 DPD","Medium Risk"
100285,18,18700,"Employed",2.4,"Mortgage",27300,24,3.19,606,15500,0,0,0,1.4598930481283422,"Current","Medium Risk"
100286,36,14500,"Employed",3.1,"Auto Loan",23600,60,9.58,580,4800,0,2,1,1.6275862068965517,"Current","High Risk"
100287,44,46800,"Contract",1.8,"Mortgage",15500,36,9.65,663,7100,10,0,0,0.33119658119658119658,"Current","Low Risk"
100288,41,20900,"Retired",13.5,"Mortgage",5300,24,2.31,711,9900,0,0,0,0.25358851674641148325,"Current","Low Risk"
100289,32,12400,"Employed",0.6,"Unsecured Personal Loan",11900,48,11.5,736,9600,30,2,1,0.95967741935483870968,"30-59 DPD","High Risk"
100290,36,44100,"Unemployed",NULL,"Mortgage",16000,36,14.99,699,16700,30,2,0,0.36281179138321995465,"30-59 DPD","High Risk"
100291,33,NULL,"Employed",5.8,"Unsecured Personal Loan",14800,60,7.64,627,2400,0,3,0,NULL,"Current","High Risk"
100292,32,36200,"Employed",3.8,"Unsecured Personal Loan",4400,24,5.58,710,12500,0,1,0,0.12154696132596685083,"Current","High Risk"
100293,46,55200,"Unemployed",0.2,"Auto Loan",7800,36,15.97,690,8100,0,3,0,0.14130434782608695652,"Current","High Risk"
100294,42,37800,"Contract",3.2,"Unsecured Personal Loan",12900,12,3.54,755,5500,0,0,0,0.34126984126984126984,"Current","Low Risk"
100295,31,34600,"Retired",2.6,"Auto Loan",18400,12,7.56,742,5900,0,1,0,0.53179190751445086705,"Current","High Risk"
100296,47,57500,"Self-Employed",0.9,"Mortgage",3600,12,8.04,NULL,8500,10,1,0,0.06260869565217391304,"Current","High Risk"
100297,41,NULL,"Employed",5.3,"Unsecured Personal Loan",12100,60,11.54,608,800,0,0,0,NULL,"Current","Medium Risk"
100298,46,41500,"Unemployed",17.7,"Unsecured Personal Loan",14600,48,8.58,628,6100,0,0,0,0.35180722891566265060,"Current","Medium Risk"
100299,44,42700,"Employed",4.1,"Mortgage",22200,48,6,636,5400,0,3,0,0.51990632318501170960,"Current","High Risk"
100300,30,26000,"Self-Employed",6.3,"Unsecured Personal Loan",20200,36,4.65,655,14400,20,0,0,0.77692307692307692308,"Current","Low Risk"
100301,32,59600,"Employed",0.4,"Unsecured Personal Loan",18900,24,6.47,701,5600,0,1,0,0.31711409395973154362,"Current","High Risk"
100302,45,33300,"Self-Employed",2.7,"Unsecured Personal Loan",8300,24,4.48,737,8500,30,0,0,0.24924924924924924925,"30-59 DPD","Medium Risk"
100303,44,NULL,"Employed",0.6,"Auto Loan",4300,24,7.64,676,29100,0,0,0,NULL,"Current","Low Risk"
100304,38,47500,"Employed",4.7,"Auto Loan",10600,24,5.81,681,19900,0,0,0,0.22315789473684210526,"Current","Low Risk"
100305,39,23200,"Contract",13.9,"Mortgage",24400,48,3.02,691,18600,30,0,0,1.05172413793103448276,"30-59 DPD","Medium Risk"
100306,51,36800,"Employed",5.4,"Unsecured Personal Loan",30800,36,11.27,639,7000,30,0,0,0.83695652173913043478,"30-59 DPD","Medium Risk"
100307,32,36200,"Employed",0.4,"Mortgage",20500,12,6.01,606,14500,0,0,0,0.56629834254143646409,"Current","Medium Risk"
100308,43,62500,"Employed",2.2,"Auto Loan",17300,12,3.7,540,8400,0,0,0,0.27680000000000000000,"Current","Medium Risk"
100309,36,46000,"Employed",4,"Unsecured Personal Loan",16800,12,7,624,8600,20,0,0,0.36521739130434782609,"Current","Medium Risk"
100310,36,179500,"Employed",2.6,"Auto Loan",9600,36,7.71,718,13200,0,0,0,0.05348189415041782730,"Current","Low Risk"
100311,49,54700,"Employed",9,"Auto Loan",12400,60,2.26,624,6500,0,0,0,0.22669104204753199269,"Current","Medium Risk"
100312,46,72800,"Contract",8.4,"Auto Loan",36400,36,8.49,661,28100,60,1,0,0.50000000000000000000,"60-89 DPD","High Risk"
100313,46,48000,"Employed",NULL,"Unsecured Personal Loan",7600,48,4.36,717,8800,0,0,0,0.15833333333333333333,"Current","Low Risk"
100314,51,36500,"Retired",2.3,"Unsecured Personal Loan",35200,36,12.63,722,15300,0,0,0,0.96438356164383561644,"Current","Low Risk"
100315,38,18800,"Self-Employed",1.5,"Unsecured Personal Loan",11000,24,9.07,594,27400,0,0,1,0.58510638297872340426,"Current","Medium Risk"
100316,45,21300,"Employed",0.6,"Unsecured Personal Loan",29600,12,6.3,760,20400,0,0,0,1.38967136150234741784,"Current","Low Risk"
100317,35,31200,"Self-Employed",2.2,"Auto Loan",5700,48,5.26,770,3700,10,0,0,0.18269230769230769231,"Current","Low Risk"
100318,41,26800,"Employed",2.7,"Unsecured Personal Loan",19000,48,7.19,590,13500,0,0,0,0.70895522388059701493,"Current","Medium Risk"
100319,37,33100,"Unemployed",5.6,"Auto Loan",8600,24,9.34,614,18000,0,1,0,0.25981873111782477341,"Current","High Risk"
100320,39,37400,"Employed",5.4,"Unsecured Personal Loan",5700,36,7.42,775,18500,0,2,0,0.15240641711229946524,"Current","High Risk"
100321,44,47300,"Employed",0.4,"Unsecured Personal Loan",15200,36,6.85,668,4500,10,1,1,0.32135306553911205074,"Current","High Risk"
100322,30,35100,"Contract",2.5,"Auto Loan",24500,36,7.68,502,6200,0,0,0,0.69800569800569800570,"Current","Medium Risk"
100323,59,46300,"Contract",1,"Unsecured Personal Loan",8000,60,5.69,568,19900,60,0,0,0.17278617710583153348,"60-89 DPD","Medium Risk"
100324,28,37500,"Contract",0.9,"Mortgage",5400,36,6.47,660,5800,0,0,0,0.14400000000000000000,"Current","Low Risk"
100325,26,13500,"Employed",8.8,"Unsecured Personal Loan",12600,36,1.24,587,8000,120,0,1,0.93333333333333333333,"90+ DPD","High Risk"
100326,50,22700,"Unemployed",0.2,"Unsecured Personal Loan",12700,12,10.42,647,29800,0,3,1,0.55947136563876651982,"Current","High Risk"
100327,46,33800,"Employed",2.7,"Mortgage",18600,12,8.4,683,9600,20,0,0,0.55029585798816568047,"Current","Low Risk"
100328,44,19800,"Employed",0.9,"Auto Loan",23600,24,5.18,797,6000,0,0,1,1.1919191919191919,"Current","Low Risk"
100329,44,49000,"Employed",10.6,"Unsecured Personal Loan",12900,12,13.2,657,5400,0,0,0,0.26326530612244897959,"Current","Low Risk"
100330,38,78100,"Self-Employed",4.1,"Unsecured Personal Loan",40700,48,7.76,766,12500,30,1,1,0.52112676056338028169,"30-59 DPD","High Risk"
100331,29,66800,"Employed",1.3,"Auto Loan",15300,48,4.39,794,3900,30,1,0,0.22904191616766467066,"30-59 DPD","High Risk"
100332,39,32600,"Employed",3.5,"Mortgage",10900,12,10.07,795,8300,0,0,0,0.33435582822085889571,"Current","Low Risk"
100333,31,76500,"Contract",6.6,"Mortgage",5100,48,8.69,703,12500,10,2,0,0.06666666666666666667,"Current","High Risk"
100334,48,39100,"Employed",15.9,"Unsecured Personal Loan",11400,24,8.68,523,24600,0,0,0,0.29156010230179028133,"Current","Medium Risk"
100335,37,30700,"Employed",1.2,"Mortgage",10900,24,6.22,717,15800,30,2,0,0.35504885993485342020,"30-59 DPD","High Risk"
100336,30,26700,"Employed",10.9,"Unsecured Personal Loan",23800,24,8.85,764,6000,0,2,0,0.89138576779026217228,"Current","High Risk"
100337,35,NULL,"Contract",13.6,"Unsecured Personal Loan",17600,24,6.71,674,22600,0,1,0,NULL,"Current","High Risk"
100338,42,29900,"Employed",12.4,"Mortgage",6600,24,9.17,820,8000,0,0,0,0.22073578595317725753,"Current","Low Risk"
100339,32,39500,"Employed",5,"Unsecured Personal Loan",14800,36,1.79,749,4200,0,0,0,0.37468354430379746835,"Current","Low Risk"
100340,30,NULL,"Contract",5,"Unsecured Personal Loan",20000,36,6.2,725,8800,30,0,0,NULL,"30-59 DPD","Medium Risk"
100341,40,NULL,"Contract",2.6,"Unsecured Personal Loan",33400,60,12.67,767,27100,0,0,0,NULL,"Current","Low Risk"
100342,40,NULL,"Employed",7,"Unsecured Personal Loan",22800,12,5.2,707,11100,0,1,1,NULL,"Current","High Risk"
100343,33,65900,"Self-Employed",3.8,"Auto Loan",21100,12,5.69,NULL,10000,0,0,1,0.32018209408194233687,"Current","Low Risk"
100344,33,58400,"Unemployed",5.7,"Auto Loan",13900,12,6.16,640,31100,10,0,0,0.23801369863013698630,"Current","Medium Risk"
100345,40,17300,"Self-Employed",2.8,"Unsecured Personal Loan",16900,36,3.86,776,3600,0,1,0,0.97687861271676300578,"Current","High Risk"
100346,24,10100,"Employed",6.6,"Auto Loan",28300,12,0.88,615,4000,0,0,0,2.8019801980198020,"Current","Medium Risk"
100347,24,57900,"Contract",8.7,"Mortgage",6000,48,6.81,662,3200,60,0,0,0.10362694300518134715,"60-89 DPD","Medium Risk"
100348,31,18300,"Employed",0.8,"Mortgage",10800,36,7.91,596,12800,0,0,0,0.59016393442622950820,"Current","Medium Risk"
100349,36,32500,"Employed",8.9,"Unsecured Personal Loan",8400,36,7.34,823,11100,10,0,0,0.25846153846153846154,"Current","Low Risk"
100350,41,20200,"Employed",3.9,"Mortgage",16800,36,7.07,815,29100,10,0,0,0.83168316831683168317,"Current","Low Risk"
100351,53,14800,"Employed",9.3,"Auto Loan",27900,24,7.63,609,11700,0,1,0,1.8851351351351351,"Current","High Risk"
100352,47,47600,"Employed",2.8,"Unsecured Personal Loan",9300,24,10.57,692,7500,60,0,0,0.19537815126050420168,"60-89 DPD","Medium Risk"
100353,36,53100,"Unemployed",2.4,"Unsecured Personal Loan",3200,24,6.93,626,9900,10,2,0,0.06026365348399246704,"Current","High Risk"
100354,38,27200,"Employed",12.3,"Unsecured Personal Loan",10400,36,5.78,729,10700,0,0,0,0.38235294117647058824,"Current","Low Risk"
100355,28,9900,"Employed",1.4,"Auto Loan",23100,24,6.66,721,3100,0,0,0,2.3333333333333333,"Current","Low Risk"
100356,38,27600,"Employed",9.3,"Unsecured Personal Loan",18400,12,9.24,745,66000,10,0,0,0.66666666666666666667,"Current","Low Risk"
100357,35,44200,"Employed",3.3,"Auto Loan",17300,60,11.74,707,14200,0,0,0,0.39140271493212669683,"Current","Low Risk"
100358,41,17300,"Retired",3.6,"Unsecured Personal Loan",11300,12,5.62,915,11500,30,0,0,0.65317919075144508671,"30-59 DPD","Medium Risk"
100359,30,39800,"Employed",1.8,"Mortgage",6200,48,7.8,598,15200,0,0,0,0.15577889447236180905,"Current","Medium Risk"
100360,43,36000,"Employed",NULL,"Unsecured Personal Loan",18200,48,8.52,543,16300,0,0,1,0.50555555555555555556,"Current","Medium Risk"
100361,53,48500,"Employed",2,"Mortgage",8100,24,4.52,649,9000,0,0,0,0.16701030927835051546,"Current","Medium Risk"
100362,37,38600,"Employed",0.2,"Mortgage",49500,12,7.56,555,6400,0,0,0,1.2823834196891192,"Current","Medium Risk"
100363,42,22300,"Employed",1.6,"Unsecured Personal Loan",18800,12,3.1,561,15100,0,0,0,0.84304932735426008969,"Current","Medium Risk"
100364,45,66100,"Unemployed",0,"Unsecured Personal Loan",9400,36,2.19,600,13000,30,1,0,0.14220877458396369138,"30-59 DPD","High Risk"
100365,34,33500,"Retired",19.2,"Unsecured Personal Loan",9300,36,8.6,606,5600,10,2,0,0.27761194029850746269,"Current","High Risk"
100366,40,35800,"Employed",16.9,"Mortgage",12600,48,6.35,604,26700,10,0,0,0.35195530726256983240,"Current","Medium Risk"
100367,38,22800,"Self-Employed",2.5,"Auto Loan",11600,60,8.11,721,12200,0,0,0,0.50877192982456140351,"Current","Low Risk"
100368,39,29100,"Unemployed",6.5,"Unsecured Personal Loan",26100,36,7.45,640,16500,30,2,0,0.89690721649484536082,"30-59 DPD","High Risk"
100369,30,23300,"Contract",2.1,"Unsecured Personal Loan",14900,24,4.57,666,26200,0,0,0,0.63948497854077253219,"Current","Low Risk"
100370,38,33300,"Employed",5.6,"Unsecured Personal Loan",8600,24,7.36,752,10000,30,3,0,0.25825825825825825826,"30-59 DPD","High Risk"
100371,43,85500,"Employed",8.2,"Mortgage",41500,48,3.8,619,12400,0,0,0,0.48538011695906432749,"Current","Medium Risk"
100372,53,18300,"Employed",14.7,"Auto Loan",13800,24,11.67,659,17400,60,1,1,0.75409836065573770492,"60-89 DPD","High Risk"
100373,48,16200,"Unemployed",2.6,"Mortgage",21200,12,3.43,709,6000,10,0,0,1.3086419753086420,"Current","Low Risk"
100374,60,NULL,"Contract",7.6,"Unsecured Personal Loan",9300,48,6.91,525,10300,0,2,0,NULL,"Current","High Risk"
100375,30,32700,"Employed",1.5,"Unsecured Personal Loan",16600,36,4.37,489,10800,0,0,0,0.50764525993883792049,"Current","Medium Risk"
100376,47,26000,"Employed",23.2,"Mortgage",16100,60,9.21,708,5100,0,0,0,0.61923076923076923077,"Current","Low Risk"
100377,40,61100,"Contract",0.1,"Unsecured Personal Loan",4300,36,6.51,719,50100,0,0,0,0.07037643207855973813,"Current","Low Risk"
100378,60,26800,"Contract",4.6,"Mortgage",44800,12,5.94,845,3700,0,0,0,1.6716417910447761,"Current","Low Risk"
100379,30,90500,"Retired",5.4,"Unsecured Personal Loan",29000,60,10.06,693,4000,0,1,0,0.32044198895027624309,"Current","High Risk"
100380,30,51000,"Unemployed",5.8,"Unsecured Personal Loan",10500,24,7.59,746,24800,0,0,0,0.20588235294117647059,"Current","Low Risk"
100381,32,28500,"Employed",0.6,"Auto Loan",6900,24,9.05,NULL,16300,60,2,1,0.24210526315789473684,"60-89 DPD","High Risk"
100382,18,106800,"Self-Employed",13.9,"Mortgage",16500,36,4.56,704,4800,0,0,0,0.15449438202247191011,"Current","Low Risk"
100383,33,26800,"Self-Employed",1,"Mortgage",14100,12,3.29,813,15100,30,1,0,0.52611940298507462687,"30-59 DPD","High Risk"
100384,30,52600,"Employed",4.9,"Unsecured Personal Loan",16500,36,7.82,510,27700,10,0,0,0.31368821292775665399,"Current","Medium Risk"
100385,40,NULL,"Employed",1.3,"Unsecured Personal Loan",15000,12,6.54,713,9700,0,3,1,NULL,"Current","High Risk"
100386,41,69600,"Unemployed",1.8,"Auto Loan",18100,36,9.38,851,61000,0,2,0,0.26005747126436781609,"Current","High Risk"
100387,57,79300,"Employed",NULL,"Auto Loan",31800,24,7.26,703,3000,10,0,0,0.40100882723833543506,"Current","Low Risk"
100388,48,36900,"Unemployed",2.7,"Auto Loan",18800,48,8.12,812,16100,90,1,0,0.50948509485094850949,"90+ DPD","High Risk"
100389,32,24900,"Self-Employed",0.9,"Unsecured Personal Loan",7100,48,2.63,630,22400,0,1,0,0.28514056224899598394,"Current","High Risk"
100390,29,45700,"Retired",0.9,"Mortgage",30300,24,13.17,677,18500,30,0,0,0.66301969365426695842,"30-59 DPD","Medium Risk"
100391,43,25900,"Employed",2.7,"Auto Loan",35800,24,7.01,683,8600,60,0,0,1.3822393822393822,"60-89 DPD","Medium Risk"
100392,25,99400,"Employed",7.1,"Mortgage",88500,24,9.59,503,8100,10,0,1,0.89034205231388329980,"Current","Medium Risk"
100393,56,NULL,"Self-Employed",11.4,"Auto Loan",6800,24,4.99,587,13500,60,1,0,NULL,"60-89 DPD","High Risk"
100394,50,30300,"Employed",0.4,"Unsecured Personal Loan",15500,48,8.42,592,17500,0,0,1,0.51155115511551155116,"Current","Medium Risk"
100395,33,39800,"Unemployed",2.5,"Mortgage",3800,48,3.59,746,15100,90,0,0,0.09547738693467336683,"90+ DPD","High Risk"
100396,21,18500,"Unemployed",0.5,"Auto Loan",18600,24,8.86,750,20500,10,0,0,1.00540540540540540541,"Current","Low Risk"
100397,52,22300,"Employed",0.1,"Mortgage",9600,24,6.43,706,4900,0,0,0,0.43049327354260089686,"Current","Low Risk"
100398,37,66200,"Employed",5.4,"Mortgage",42400,12,7.59,746,8400,60,1,0,0.64048338368580060423,"60-89 DPD","High Risk"
100399,50,26100,"Employed",4.6,"Auto Loan",8400,36,9.59,NULL,5100,0,3,0,0.32183908045977011494,"Current","High Risk"
100400,22,21500,"Employed",0.9,"Auto Loan",4800,12,3.8,776,7600,0,0,0,0.22325581395348837209,"Current","Low Risk"
100401,32,47500,"Contract",1.3,"Unsecured Personal Loan",10100,60,5.45,681,20100,0,0,0,0.21263157894736842105,"Current","Low Risk"
100402,38,65700,"Contract",0.1,"Unsecured Personal Loan",4100,48,8.87,NULL,10700,0,0,0,0.06240487062404870624,"Current","Low Risk"
100403,38,52000,"Self-Employed",9,"Unsecured Personal Loan",21000,24,13.79,NULL,61400,0,0,0,0.40384615384615384615,"Current","Low Risk"
100404,33,59800,"Unemployed",18.4,"Unsecured Personal Loan",3900,36,7.09,735,11300,30,0,0,0.06521739130434782609,"30-59 DPD","Medium Risk"
100405,44,24900,"Employed",0.7,"Unsecured Personal Loan",13600,60,9.27,646,10300,0,0,0,0.54618473895582329317,"Current","Medium Risk"
100406,27,17800,"Contract",1.3,"Unsecured Personal Loan",3800,36,7.18,758,10700,0,0,0,0.21348314606741573034,"Current","Low Risk"
100407,37,76900,"Self-Employed",10.1,"Unsecured Personal Loan",11000,24,13.33,589,6300,0,0,0,0.14304291287386215865,"Current","Medium Risk"
100408,39,30900,"Unemployed",13,"Unsecured Personal Loan",35800,24,2.26,592,9500,0,1,1,1.15857605177993527508,"Current","High Risk"
100409,43,32000,"Contract",2.7,"Unsecured Personal Loan",16600,48,7.78,735,21800,10,0,0,0.51875000000000000000,"Current","Low Risk"
100410,45,70600,"Employed",0.3,"Unsecured Personal Loan",8000,36,2.62,673,10700,20,1,0,0.11331444759206798867,"Current","High Risk"
100411,27,48000,"Contract",0.2,"Auto Loan",13100,36,-0.02,644,5700,60,0,0,0.27291666666666666667,"60-89 DPD","Medium Risk"
100412,23,45600,"Employed",4.3,"Auto Loan",13500,48,8.39,751,5200,0,0,0,0.29605263157894736842,"Current","Low Risk"
100413,51,107200,"Employed",2.5,"Unsecured Personal Loan",17700,48,7.92,631,7200,0,1,0,0.16511194029850746269,"Current","High Risk"
100414,41,26300,"Employed",0.1,"Auto Loan",5900,60,6.65,664,10400,60,0,0,0.22433460076045627376,"60-89 DPD","Medium Risk"
100415,31,57800,"Retired",4.4,"Mortgage",19100,12,7.18,NULL,22800,20,0,0,0.33044982698961937716,"Current","Low Risk"
100416,54,37400,"Contract",0.1,"Unsecured Personal Loan",2600,36,16.79,803,3900,0,0,0,0.06951871657754010695,"Current","Low Risk"
100417,39,41500,"Unemployed",7.7,"Auto Loan",9200,48,6.73,806,7900,10,0,0,0.22168674698795180723,"Current","Low Risk"
100418,50,78000,"Unemployed",1.8,"Mortgage",10000,48,9.03,NULL,10900,60,1,0,0.12820512820512820513,"60-89 DPD","High Risk"
100419,39,NULL,"Self-Employed",0.2,"Mortgage",19500,36,5.55,778,2700,10,0,0,NULL,"Current","Low Risk"
100420,59,47500,"Contract",4.4,"Unsecured Personal Loan",13500,24,8.39,604,5500,0,0,0,0.28421052631578947368,"Current","Medium Risk"
100421,56,62100,"Employed",2.5,"Auto Loan",5700,48,6.79,607,6100,10,0,0,0.09178743961352657005,"Current","Medium Risk"
100422,36,30300,"Employed",18.2,"Unsecured Personal Loan",7400,48,6.27,492,5700,0,0,0,0.24422442244224422442,"Current","Medium Risk"
100423,48,23900,"Employed",3.9,"Auto Loan",15100,12,12.96,814,11300,0,3,0,0.63179916317991631799,"Current","High Risk"
100424,44,21500,"Unemployed",1.6,"Mortgage",12700,36,11.03,611,8800,0,1,1,0.59069767441860465116,"Current","High Risk"
100425,52,NULL,"Unemployed",6.2,"Auto Loan",9400,24,7.91,670,6700,0,0,0,NULL,"Current","Low Risk"
100426,28,101500,"Employed",1.6,"Mortgage",10000,24,0.59,607,13400,0,0,0,0.09852216748768472906,"Current","Medium Risk"
100427,45,20900,"Employed",11.7,"Unsecured Personal Loan",20300,12,6.42,736,33100,0,0,0,0.97129186602870813397,"Current","Low Risk"
100428,49,32500,"Contract",2.3,"Mortgage",9800,36,15.61,650,31200,10,0,0,0.30153846153846153846,"Current","Low Risk"
100429,20,31600,"Employed",4,"Auto Loan",12700,36,6.81,576,2600,20,1,0,0.40189873417721518987,"Current","High Risk"
100430,26,42300,"Unemployed",0.3,"Unsecured Personal Loan",49100,36,10.81,715,14800,120,0,0,1.16075650118203309693,"90+ DPD","High Risk"
100431,18,54600,"Retired",2.8,"Auto Loan",5700,36,11.83,565,8700,0,0,0,0.10439560439560439560,"Current","Medium Risk"
100432,35,55800,"Employed",8.9,"Unsecured Personal Loan",4400,48,8.16,613,11000,0,1,0,0.07885304659498207885,"Current","High Risk"
100433,45,27100,"Employed",8.2,"Unsecured Personal Loan",21400,24,4.97,511,7500,60,0,1,0.78966789667896678967,"60-89 DPD","Medium Risk"
100434,53,33400,"Unemployed",1.3,"Mortgage",8900,12,0.19,566,10700,0,0,0,0.26646706586826347305,"Current","Medium Risk"
100435,39,41800,"Contract",NULL,"Unsecured Personal Loan",11000,48,9.55,694,11000,10,0,0,0.26315789473684210526,"Current","Low Risk"
100436,54,32100,"Employed",8.5,"Auto Loan",8400,24,5.06,523,6600,20,2,0,0.26168224299065420561,"Current","High Risk"
100437,24,81100,"Retired",13.3,"Unsecured Personal Loan",11400,60,8.03,562,5300,0,1,1,0.14056720098643649815,"Current","High Risk"
100438,21,46400,"Employed",0.5,"Unsecured Personal Loan",34900,48,3.75,680,7200,30,0,0,0.75215517241379310345,"30-59 DPD","Medium Risk"
100439,37,52400,"Employed",3,"Mortgage",21600,36,6.7,NULL,11700,20,0,0,0.41221374045801526718,"Current","Low Risk"
100440,42,50600,"Unemployed",2.1,"Unsecured Personal Loan",22400,60,7.6,839,15100,0,2,0,0.44268774703557312253,"Current","High Risk"
100441,38,65300,"Contract",10.2,"Auto Loan",5700,12,8.31,827,18000,0,0,0,0.08728943338437978560,"Current","Low Risk"
100442,18,39800,"Employed",0.4,"Auto Loan",6700,24,4.16,611,7000,0,0,0,0.16834170854271356784,"Current","Medium Risk"
100443,37,19000,"Contract",1.2,"Auto Loan",2400,36,11.09,725,12100,0,3,0,0.12631578947368421053,"Current","High Risk"
100444,25,44300,"Self-Employed",7,"Mortgage",8200,24,5.71,740,19400,0,1,0,0.18510158013544018059,"Current","High Risk"
100445,45,26200,"Employed",0.3,"Auto Loan",23700,60,2.48,632,22400,0,0,0,0.90458015267175572519,"Current","Medium Risk"
100446,42,27900,"Employed",3.4,"Unsecured Personal Loan",18200,12,7.17,560,9500,0,0,0,0.65232974910394265233,"Current","Medium Risk"
100447,29,48700,"Contract",2.9,"Mortgage",11700,36,7.6,679,8500,60,0,0,0.24024640657084188912,"60-89 DPD","Medium Risk"
100448,33,67400,"Employed",2,"Unsecured Personal Loan",13200,36,7.98,666,11300,0,0,0,0.19584569732937685460,"Current","Low Risk"
100449,27,36700,"Employed",2.5,"Auto Loan",8800,36,11.59,645,4400,0,2,1,0.23978201634877384196,"Current","High Risk"
100450,37,NULL,"Employed",3.8,"Mortgage",15100,24,6.79,715,8600,0,0,0,NULL,"Current","Low Risk"
100451,48,85100,"Contract",0.9,"Auto Loan",21200,24,7.14,620,16700,0,1,0,0.24911868390129259694,"Current","High Risk"
100452,28,41000,"Self-Employed",4.2,"Mortgage",5100,48,4.19,588,15500,0,0,0,0.12439024390243902439,"Current","Medium Risk"
100453,43,133400,"Unemployed",8.2,"Auto Loan",16000,24,9.96,689,8200,0,0,0,0.11994002998500749625,"Current","Low Risk"
100454,33,48200,"Employed",7.1,"Mortgage",23400,48,8.05,711,11500,0,0,0,0.48547717842323651452,"Current","Low Risk"
100455,30,15100,"Self-Employed",0.8,"Mortgage",10400,36,6.24,586,5600,20,1,0,0.68874172185430463576,"Current","High Risk"
100456,37,52900,"Self-Employed",0.8,"Unsecured Personal Loan",20300,48,1.79,754,16200,120,0,0,0.38374291115311909263,"90+ DPD","High Risk"
100457,28,43900,"Contract",1.6,"Unsecured Personal Loan",72300,48,11.83,538,9400,0,0,0,1.6469248291571754,"Current","Medium Risk"
100458,32,69200,"Contract",2.2,"Unsecured Personal Loan",12500,24,3.82,634,8200,0,0,0,0.18063583815028901734,"Current","Medium Risk"
100459,26,50800,"Employed",2.6,"Auto Loan",16900,36,5.73,659,7700,0,0,0,0.33267716535433070866,"Current","Low Risk"
100460,58,33900,"Self-Employed",5.7,"Unsecured Personal Loan",8600,48,8.58,629,9500,10,0,0,0.25368731563421828909,"Current","Medium Risk"
100461,38,19700,"Employed",0.3,"Unsecured Personal Loan",14900,36,3.91,635,7200,0,0,0,0.75634517766497461929,"Current","Medium Risk"
100462,31,32700,"Employed",0.2,"Unsecured Personal Loan",17600,60,3.02,NULL,15700,60,0,0,0.53822629969418960245,"60-89 DPD","Medium Risk"
100463,40,23700,"Employed",2.5,"Mortgage",15000,36,1.13,612,7500,0,0,0,0.63291139240506329114,"Current","Medium Risk"
100464,37,27200,"Employed",6,"Auto Loan",7200,12,9.66,875,30200,0,0,0,0.26470588235294117647,"Current","Low Risk"
100465,36,48700,"Employed",1.1,"Unsecured Personal Loan",15100,24,5.86,715,27600,0,0,0,0.31006160164271047228,"Current","Low Risk"
100466,44,83700,"Self-Employed",5.1,"Unsecured Personal Loan",32100,60,16.28,687,5300,90,0,1,0.38351254480286738351,"90+ DPD","High Risk"
100467,46,44200,"Employed",1.5,"Unsecured Personal Loan",17500,24,4.52,718,10400,20,0,0,0.39592760180995475113,"Current","Low Risk"
100468,33,20000,"Unemployed",10.9,"Unsecured Personal Loan",23800,48,4.74,882,6300,0,0,0,1.19000000000000000000,"Current","Low Risk"
100469,32,45400,"Employed",11.3,"Unsecured Personal Loan",11600,48,5.8,601,7900,0,1,1,0.25550660792951541850,"Current","High Risk"
100470,35,66100,"Employed",1.8,"Mortgage",21000,24,8.23,590,40200,0,0,0,0.31770045385779122542,"Current","Medium Risk"
100471,18,26800,"Unemployed",1.3,"Mortgage",15800,12,6.09,620,8000,0,0,0,0.58955223880597014925,"Current","Medium Risk"
100472,23,NULL,"Employed",2.6,"Unsecured Personal Loan",7600,48,9.34,683,12700,10,0,0,NULL,"Current","Low Risk"
100473,52,36600,"Employed",1.4,"Unsecured Personal Loan",16200,24,4.56,542,14500,30,1,1,0.44262295081967213115,"30-59 DPD","High Risk"
100474,54,24500,"Self-Employed",5.6,"Unsecured Personal Loan",7400,48,3.36,682,4900,10,0,0,0.30204081632653061224,"Current","Low Risk"
100475,36,50200,"Employed",8.7,"Unsecured Personal Loan",9100,36,2.11,815,5400,120,0,1,0.18127490039840637450,"90+ DPD","High Risk"
100476,44,34200,"Employed",5.6,"Unsecured Personal Loan",15000,36,0.83,692,4300,0,0,0,0.43859649122807017544,"Current","Low Risk"
100477,41,44800,"Employed",NULL,"Unsecured Personal Loan",16000,48,5.95,657,5300,30,0,0,0.35714285714285714286,"30-59 DPD","Medium Risk"
100478,69,23300,"Contract",2.5,"Unsecured Personal Loan",6500,24,6.6,NULL,1300,20,3,0,0.27896995708154506438,"Current","High Risk"
100479,49,29200,"Self-Employed",0.8,"Auto Loan",25100,36,5.61,752,14500,0,1,0,0.85958904109589041096,"Current","High Risk"
100480,37,52100,"Self-Employed",6.7,"Auto Loan",18800,24,11.23,614,41700,10,0,0,0.36084452975047984645,"Current","Medium Risk"
100481,28,30100,"Self-Employed",2.2,"Auto Loan",8800,24,11.18,828,11000,0,1,0,0.29235880398671096346,"Current","High Risk"
100482,22,86100,"Employed",5.6,"Unsecured Personal Loan",5300,36,6.5,835,3700,20,1,0,0.06155632984901277584,"Current","High Risk"
100483,40,29700,"Employed",1.6,"Mortgage",12200,48,2.12,701,6300,0,0,0,0.41077441077441077441,"Current","Low Risk"
100484,30,40600,"Unemployed",0.4,"Mortgage",10200,24,5.8,679,7200,0,0,0,0.25123152709359605911,"Current","Low Risk"
100485,24,57900,"Employed",24.5,"Unsecured Personal Loan",14300,36,5.7,762,4900,10,0,0,0.24697754749568221071,"Current","Low Risk"
100486,32,NULL,"Employed",0.8,"Unsecured Personal Loan",10700,36,5.53,768,18100,0,0,0,NULL,"Current","Low Risk"
100487,27,15100,"Employed",22.3,"Auto Loan",4000,24,5.41,616,17500,0,0,0,0.26490066225165562914,"Current","Medium Risk"
100488,55,16900,"Employed",18.9,"Unsecured Personal Loan",10600,24,5.54,638,4400,0,0,0,0.62721893491124260355,"Current","Medium Risk"
100489,47,68300,"Retired",7.9,"Unsecured Personal Loan",11100,60,6.34,574,16400,0,1,0,0.16251830161054172767,"Current","High Risk"
100490,38,27600,"Employed",NULL,"Auto Loan",78000,48,5.59,713,28800,0,3,0,2.8260869565217391,"Current","High Risk"
100491,53,130500,"Employed",4.3,"Auto Loan",8800,36,8.12,733,37500,30,0,0,0.06743295019157088123,"30-59 DPD","Medium Risk"
100492,39,NULL,"Employed",10.1,"Unsecured Personal Loan",36600,36,8.58,572,73500,60,0,0,NULL,"60-89 DPD","Medium Risk"
100493,29,39800,"Retired",1.7,"Auto Loan",4200,12,4.77,644,5300,0,1,0,0.10552763819095477387,"Current","High Risk"
100494,53,78500,"Employed",3.2,"Mortgage",29300,36,11.31,572,71500,20,1,1,0.37324840764331210191,"Current","High Risk"
100495,43,99000,"Employed",4.8,"Unsecured Personal Loan",11700,36,4.56,608,7700,0,1,0,0.11818181818181818182,"Current","High Risk"
100496,28,101800,"Unemployed",2.6,"Auto Loan",22400,36,2.65,724,6500,10,0,0,0.22003929273084479371,"Current","Low Risk"
100497,36,66400,"Unemployed",2.8,"Unsecured Personal Loan",14000,24,8.64,621,12400,0,0,0,0.21084337349397590361,"Current","Medium Risk"
100498,29,60600,"Employed",2,"Unsecured Personal Loan",26500,12,5.05,656,6600,0,0,0,0.43729372937293729373,"Current","Low Risk"
100499,24,48800,"Employed",NULL,"Auto Loan",10600,24,8.46,550,13100,0,3,0,0.21721311475409836066,"Current","High Risk"
100500,47,53600,"Employed",9.5,"Unsecured Personal Loan",6900,60,0.29,695,3900,0,0,0,0.12873134328358208955,"Current","Low Risk"
100501,57,NULL,"Employed",1.1,"Unsecured Personal Loan",31300,36,11.68,676,8400,10,2,0,NULL,"Current","High Risk"
100502,24,24100,"Employed",13.6,"Unsecured Personal Loan",12500,36,9.52,622,24300,30,0,0,0.51867219917012448133,"30-59 DPD","Medium Risk"
100503,44,36300,"Employed",NULL,"Auto Loan",15300,12,3,665,9500,0,3,0,0.42148760330578512397,"Current","High Risk"
100504,31,33400,"Employed",8.7,"Auto Loan",28000,12,3.06,694,10900,0,0,0,0.83832335329341317365,"Current","Low Risk"
100505,33,29000,"Employed",4.1,"Unsecured Personal Loan",7200,48,12.52,615,13800,30,0,0,0.24827586206896551724,"30-59 DPD","Medium Risk"
100506,32,51400,"Self-Employed",7.6,"Auto Loan",19100,36,5.29,562,22500,20,0,0,0.37159533073929961089,"Current","Medium Risk"
100507,29,58600,"Retired",0.1,"Unsecured Personal Loan",9400,36,5,824,3100,0,0,0,0.16040955631399317406,"Current","Low Risk"
100508,38,38000,"Self-Employed",NULL,"Auto Loan",12300,24,0.7,629,14900,0,0,0,0.32368421052631578947,"Current","Medium Risk"
100509,30,76000,"Employed",0.2,"Unsecured Personal Loan",14000,48,6.45,672,8200,10,0,0,0.18421052631578947368,"Current","Low Risk"
100510,41,20500,"Employed",11,"Auto Loan",5400,24,6.82,761,11100,0,0,0,0.26341463414634146341,"Current","Low Risk"
100511,37,33000,"Retired",24.1,"Mortgage",8400,24,9.65,962,20800,0,0,0,0.25454545454545454545,"Current","Low Risk"
100512,36,25400,"Employed",1.7,"Mortgage",30100,36,3.3,580,4300,0,1,0,1.1850393700787402,"Current","High Risk"
100513,29,14300,"Employed",1.2,"Unsecured Personal Loan",22700,24,2.94,716,4900,30,0,0,1.5874125874125874,"30-59 DPD","Medium Risk"
100514,32,34800,"Self-Employed",7.2,"Mortgage",12900,24,8.85,623,2600,10,0,0,0.37068965517241379310,"Current","Medium Risk"
100515,46,34200,"Self-Employed",1.5,"Unsecured Personal Loan",15500,36,10.52,637,6700,120,1,0,0.45321637426900584795,"90+ DPD","High Risk"
100516,43,77400,"Self-Employed",10,"Mortgage",11200,36,2.79,622,25100,20,0,0,0.14470284237726098191,"Current","Medium Risk"
100517,28,49800,"Employed",0.5,"Unsecured Personal Loan",30200,48,10.74,590,9100,60,2,1,0.60642570281124497992,"60-89 DPD","High Risk"
100518,39,21800,"Employed",0.7,"Unsecured Personal Loan",11800,36,7.61,677,3900,0,0,0,0.54128440366972477064,"Current","Low Risk"
100519,46,91800,"Retired",19.4,"Unsecured Personal Loan",15400,12,10.78,562,7000,20,0,0,0.16775599128540305011,"Current","Medium Risk"
100520,21,66900,"Employed",5.6,"Unsecured Personal Loan",26600,24,7.29,756,3500,0,0,0,0.39760837070254110613,"Current","Low Risk"
100521,43,48600,"Self-Employed",9.4,"Auto Loan",8400,60,-0.07,684,4500,10,0,0,0.17283950617283950617,"Current","Low Risk"
100522,31,NULL,"Unemployed",2,"Mortgage",34000,36,7.04,714,13000,0,0,0,NULL,"Current","Low Risk"
100523,44,22500,"Self-Employed",5.6,"Auto Loan",5300,48,10.68,643,4400,0,0,0,0.23555555555555555556,"Current","Medium Risk"
100524,30,30100,"Employed",4.5,"Auto Loan",35500,12,4.82,651,21600,30,0,0,1.17940199335548172757,"30-59 DPD","Medium Risk"
100525,20,NULL,"Employed",NULL,"Auto Loan",10700,36,6.34,703,9400,30,0,0,NULL,"30-59 DPD","Medium Risk"
100526,22,93200,"Self-Employed",5.7,"Unsecured Personal Loan",11500,12,6.97,587,10500,0,0,0,0.12339055793991416309,"Current","Medium Risk"
100527,38,78600,"Contract",4.3,"Unsecured Personal Loan",4300,36,-1.2,651,8100,0,0,0,0.05470737913486005089,"Current","Low Risk"
100528,41,28400,"Contract",2.8,"Unsecured Personal Loan",10200,60,12.51,611,17000,0,0,0,0.35915492957746478873,"Current","Medium Risk"
100529,29,20700,"Employed",1.6,"Unsecured Personal Loan",7200,60,4.8,609,17100,0,0,0,0.34782608695652173913,"Current","Medium Risk"
100530,44,39000,"Employed",7.3,"Unsecured Personal Loan",9300,36,9.02,NULL,12500,30,0,0,0.23846153846153846154,"30-59 DPD","Medium Risk"
100531,21,15000,"Contract",1.3,"Unsecured Personal Loan",12300,36,7.24,787,14700,0,0,0,0.82000000000000000000,"Current","Low Risk"
100532,37,42700,"Unemployed",5.9,"Unsecured Personal Loan",23700,60,11.27,625,8500,60,0,1,0.55503512880562060890,"60-89 DPD","Medium Risk"
100533,26,33700,"Contract",NULL,"Unsecured Personal Loan",15100,36,8.72,773,14500,0,0,0,0.44807121661721068249,"Current","Low Risk"
100534,31,28800,"Employed",4.9,"Mortgage",16100,12,6.8,766,7800,10,0,0,0.55902777777777777778,"Current","Low Risk"
100535,38,16400,"Self-Employed",6.9,"Unsecured Personal Loan",6900,36,4.82,577,9900,10,0,0,0.42073170731707317073,"Current","Medium Risk"
100536,29,46900,"Unemployed",1.2,"Auto Loan",7900,24,9.89,593,8200,0,0,0,0.16844349680170575693,"Current","Medium Risk"
100537,34,27800,"Self-Employed",0.3,"Auto Loan",39300,36,1.88,885,7200,0,0,0,1.4136690647482014,"Current","Low Risk"
100538,48,20200,"Employed",0.7,"Auto Loan",8600,36,9.44,820,6100,30,0,0,0.42574257425742574257,"30-59 DPD","Medium Risk"
100539,32,8600,"Employed",4.7,"Unsecured Personal Loan",36100,36,4.2,677,13700,20,0,0,4.1976744186046512,"Current","Low Risk"
100540,46,35800,"Self-Employed",9.5,"Unsecured Personal Loan",11500,24,11.26,NULL,24800,0,0,0,0.32122905027932960894,"Current","Low Risk"
100541,27,88100,"Employed",0.2,"Unsecured Personal Loan",13400,24,7.98,630,22500,0,0,0,0.15209988649262202043,"Current","Medium Risk"
100542,43,83300,"Employed",6.6,"Unsecured Personal Loan",25400,36,9.43,715,4100,0,1,0,0.30492196878751500600,"Current","High Risk"
100543,52,28900,"Retired",NULL,"Unsecured Personal Loan",28700,48,7.75,623,24400,0,1,1,0.99307958477508650519,"Current","High Risk"
100544,18,26900,"Employed",3.3,"Auto Loan",12500,36,2.24,517,7900,0,0,0,0.46468401486988847584,"Current","Medium Risk"
100545,30,45900,"Contract",NULL,"Auto Loan",10600,24,4.92,574,15100,0,0,0,0.23093681917211328976,"Current","Medium Risk"
100546,44,22000,"Employed",2,"Auto Loan",12900,60,9.52,682,5200,30,0,0,0.58636363636363636364,"30-59 DPD","Medium Risk"
100547,36,42200,"Self-Employed",3.1,"Unsecured Personal Loan",16400,60,8,590,10900,10,1,0,0.38862559241706161137,"Current","High Risk"
100548,42,53300,"Retired",0.1,"Unsecured Personal Loan",22800,24,11.04,675,12300,60,0,0,0.42776735459662288931,"60-89 DPD","Medium Risk"
100549,32,67100,"Employed",0.4,"Mortgage",13400,12,8.71,594,3500,10,3,1,0.19970193740685543964,"Current","High Risk"
100550,39,34500,"Employed",NULL,"Unsecured Personal Loan",19400,48,4.6,617,15200,60,0,1,0.56231884057971014493,"60-89 DPD","Medium Risk"
100551,36,32800,"Employed",0.1,"Auto Loan",35700,48,5.11,748,25400,0,0,0,1.08841463414634146341,"Current","Low Risk"
100552,50,23400,"Employed",5,"Auto Loan",16800,60,7.81,700,8800,0,0,0,0.71794871794871794872,"Current","Low Risk"
100553,41,24000,"Unemployed",2.8,"Unsecured Personal Loan",16100,48,0.56,679,25600,90,0,0,0.67083333333333333333,"90+ DPD","High Risk"
100554,41,32400,"Contract",4,"Unsecured Personal Loan",5400,36,12.52,750,8700,0,0,0,0.16666666666666666667,"Current","Low Risk"
100555,34,43600,"Employed",1,"Unsecured Personal Loan",2800,36,8.83,718,17900,0,0,0,0.06422018348623853211,"Current","Low Risk"
100556,33,57300,"Employed",1.8,"Unsecured Personal Loan",16900,12,11.18,796,2100,10,0,0,0.29493891797556719023,"Current","Low Risk"
100557,34,24300,"Employed",5.5,"Unsecured Personal Loan",12600,24,2.76,643,53800,60,1,0,0.51851851851851851852,"60-89 DPD","High Risk"
100558,42,76600,"Unemployed",16.8,"Unsecured Personal Loan",9800,36,11.23,646,28200,20,0,0,0.12793733681462140992,"Current","Medium Risk"
100559,34,31700,"Employed",0.3,"Unsecured Personal Loan",15500,36,14.19,576,8100,0,0,0,0.48895899053627760252,"Current","Medium Risk"
100560,41,35900,"Self-Employed",11.1,"Auto Loan",12900,36,3.54,646,2500,10,0,0,0.35933147632311977716,"Current","Medium Risk"
100561,59,25000,"Self-Employed",4.3,"Mortgage",26300,48,9.81,757,12100,120,0,0,1.05200000000000000000,"90+ DPD","High Risk"
100562,47,10800,"Self-Employed",4.1,"Unsecured Personal Loan",14100,24,7.5,784,3600,0,0,0,1.30555555555555555556,"Current","Low Risk"
100563,35,56500,"Employed",3.5,"Mortgage",8500,36,2.87,757,13500,10,0,0,0.15044247787610619469,"Current","Low Risk"
100564,50,52500,"Unemployed",0.4,"Mortgage",24200,12,8.98,536,13200,0,0,0,0.46095238095238095238,"Current","Medium Risk"
100565,34,31600,"Employed",0.5,"Mortgage",11700,36,10,767,5100,0,0,0,0.37025316455696202532,"Current","Low Risk"
100566,18,37600,"Employed",4.6,"Mortgage",18300,48,5.7,533,21700,0,0,0,0.48670212765957446809,"Current","Medium Risk"
100567,28,NULL,"Contract",2.1,"Unsecured Personal Loan",10000,36,11,752,17400,0,0,0,NULL,"Current","Low Risk"
100568,19,16600,"Unemployed",12.5,"Unsecured Personal Loan",9000,60,2.5,651,19600,0,2,0,0.54216867469879518072,"Current","High Risk"
100569,34,27900,"Employed",2.6,"Auto Loan",14100,24,3.02,736,10000,0,0,0,0.50537634408602150538,"Current","Low Risk"
100570,38,54000,"Employed",0.8,"Auto Loan",13500,36,7.91,573,3700,0,0,0,0.25000000000000000000,"Current","Medium Risk"
100571,55,19400,"Employed",6.3,"Mortgage",17800,24,7.58,774,19600,0,0,0,0.91752577319587628866,"Current","Low Risk"
100572,41,42100,"Employed",1.7,"Mortgage",11400,36,5.35,563,8200,30,1,0,0.27078384798099762470,"30-59 DPD","High Risk"
100573,36,18400,"Employed",3.7,"Auto Loan",4400,48,9.93,627,3700,0,0,0,0.23913043478260869565,"Current","Medium Risk"
100574,46,45900,"Employed",6,"Unsecured Personal Loan",10300,36,9.09,600,25500,0,0,0,0.22440087145969498911,"Current","Medium Risk"
100575,18,35700,"Employed",11.5,"Unsecured Personal Loan",21500,48,10.07,540,43000,60,0,0,0.60224089635854341737,"60-89 DPD","Medium Risk"
100576,40,16200,"Unemployed",7.9,"Unsecured Personal Loan",11200,24,7.13,688,9600,0,0,0,0.69135802469135802469,"Current","Low Risk"
100577,46,65000,"Self-Employed",5.6,"Auto Loan",11500,48,9.31,824,44900,0,1,0,0.17692307692307692308,"Current","High Risk"
100578,23,25200,"Self-Employed",5.7,"Auto Loan",24100,12,6.16,893,10600,0,0,0,0.95634920634920634921,"Current","Low Risk"
100579,49,24200,"Employed",14.6,"Mortgage",8700,48,13.66,688,7600,20,1,0,0.35950413223140495868,"Current","High Risk"
100580,41,40100,"Retired",1.8,"Auto Loan",5300,24,5.06,769,6400,60,0,0,0.13216957605985037406,"60-89 DPD","Medium Risk"
100581,34,64500,"Contract",0,"Mortgage",12100,24,13.82,699,31100,60,0,0,0.18759689922480620155,"60-89 DPD","Medium Risk"
100582,44,21900,"Contract",NULL,"Auto Loan",10000,36,7.6,720,5700,20,1,0,0.45662100456621004566,"Current","High Risk"
100583,61,37500,"Contract",1.2,"Mortgage",7500,60,3.37,653,16600,0,0,0,0.20000000000000000000,"Current","Low Risk"
100584,40,45000,"Contract",5.4,"Unsecured Personal Loan",12000,12,11.6,696,6700,0,0,0,0.26666666666666666667,"Current","Low Risk"
100585,40,51400,"Employed",5,"Mortgage",17900,24,7.88,723,7200,0,0,0,0.34824902723735408560,"Current","Low Risk"
100586,33,39700,"Employed",4.5,"Auto Loan",13300,48,10.05,634,20400,0,0,0,0.33501259445843828715,"Current","Medium Risk"
100587,30,30200,"Self-Employed",0.1,"Unsecured Personal Loan",16100,24,11.17,674,7600,10,0,1,0.53311258278145695364,"Current","Low Risk"
100588,46,24000,"Unemployed",6.5,"Unsecured Personal Loan",39700,24,8.51,NULL,7500,10,3,0,1.6541666666666667,"Current","High Risk"
100589,29,37900,"Unemployed",2,"Mortgage",10900,36,5.72,746,21900,0,3,0,0.28759894459102902375,"Current","High Risk"
100590,39,21200,"Employed",5.5,"Unsecured Personal Loan",15800,24,10.43,595,30300,30,0,0,0.74528301886792452830,"30-59 DPD","Medium Risk"
100591,33,8400,"Employed",4.1,"Unsecured Personal Loan",9800,60,7.5,676,15500,0,0,0,1.1666666666666667,"Current","Low Risk"
100592,43,45200,"Employed",2.1,"Unsecured Personal Loan",8000,48,9.56,833,6300,0,0,0,0.17699115044247787611,"Current","Low Risk"
100593,41,57100,"Contract",0.7,"Auto Loan",9400,36,1.04,773,6900,10,0,0,0.16462346760070052539,"Current","Low Risk"
100594,48,11100,"Self-Employed",0.5,"Mortgage",10000,60,8.84,788,10500,0,0,0,0.90090090090090090090,"Current","Low Risk"
100595,33,21900,"Employed",8.9,"Unsecured Personal Loan",16600,36,5.58,682,12400,0,0,0,0.75799086757990867580,"Current","Low Risk"
100596,35,49500,"Employed",12.5,"Unsecured Personal Loan",54700,12,12.46,706,5000,0,0,0,1.1050505050505051,"Current","Low Risk"
100597,28,101600,"Employed",5.2,"Mortgage",8700,24,9.37,760,16400,0,0,0,0.08562992125984251969,"Current","Low Risk"
100598,34,36700,"Contract",0.5,"Auto Loan",10400,36,8.22,805,10500,20,0,0,0.28337874659400544959,"Current","Low Risk"
100599,42,25200,"Self-Employed",2.6,"Mortgage",12900,24,8.96,524,3000,60,0,0,0.51190476190476190476,"60-89 DPD","Medium Risk"
100600,46,33100,"Unemployed",6.5,"Unsecured Personal Loan",16900,60,4.5,575,5200,0,1,0,0.51057401812688821752,"Current","High Risk"
100601,29,72200,"Employed",7.6,"Unsecured Personal Loan",15600,48,12.37,785,7000,0,0,0,0.21606648199445983380,"Current","Low Risk"
100602,47,26300,"Self-Employed",0.6,"Unsecured Personal Loan",28900,24,13.47,658,9400,10,0,0,1.09885931558935361217,"Current","Low Risk"
100603,52,24400,"Employed",0,"Auto Loan",3100,36,8.68,626,37100,60,0,0,0.12704918032786885246,"60-89 DPD","Medium Risk"
100604,42,28500,"Unemployed",6.2,"Unsecured Personal Loan",3200,48,12.27,580,11700,0,0,0,0.11228070175438596491,"Current","Medium Risk"
100605,57,22500,"Employed",2.2,"Unsecured Personal Loan",9900,60,5.79,636,5500,0,0,0,0.44000000000000000000,"Current","Medium Risk"
100606,30,38600,"Employed",1.5,"Unsecured Personal Loan",25800,48,5.11,NULL,11600,20,0,0,0.66839378238341968912,"Current","Low Risk"
100607,26,NULL,"Self-Employed",0.1,"Unsecured Personal Loan",5200,36,7.62,847,7700,0,3,0,NULL,"Current","High Risk"
100608,20,42700,"Contract",3.9,"Mortgage",2200,48,8.8,678,12400,0,0,0,0.05152224824355971897,"Current","Low Risk"
100609,53,32000,"Employed",9.5,"Unsecured Personal Loan",18800,36,6.32,675,14900,0,0,0,0.58750000000000000000,"Current","Low Risk"
100610,45,31400,"Contract",15.8,"Auto Loan",15500,36,9.11,727,23100,0,0,0,0.49363057324840764331,"Current","Low Risk"
100611,37,16600,"Employed",NULL,"Mortgage",6900,12,8.42,757,9700,0,2,1,0.41566265060240963855,"Current","High Risk"
100612,41,56500,"Employed",3.6,"Unsecured Personal Loan",7400,12,4.51,756,31200,0,1,1,0.13097345132743362832,"Current","High Risk"
100613,27,34900,"Employed",0.4,"Auto Loan",7500,36,9.06,766,18700,30,1,0,0.21489971346704871060,"30-59 DPD","High Risk"
100614,62,33200,"Employed",4,"Mortgage",14300,24,10.09,630,6000,0,0,0,0.43072289156626506024,"Current","Medium Risk"
100615,39,179300,"Employed",2.4,"Mortgage",9200,12,8.01,656,46500,0,3,0,0.05131065253764640268,"Current","High Risk"
100616,39,42200,"Employed",4.7,"Unsecured Personal Loan",18000,48,10.96,742,12400,0,0,0,0.42654028436018957346,"Current","Low Risk"
100617,45,24900,"Employed",2.5,"Unsecured Personal Loan",2400,12,3.85,638,5500,30,0,0,0.09638554216867469880,"30-59 DPD","Medium Risk"
100618,43,29300,"Contract",1.4,"Unsecured Personal Loan",8000,36,8.9,680,31500,0,1,0,0.27303754266211604096,"Current","High Risk"
100619,40,64500,"Employed",0.5,"Auto Loan",6800,36,3.99,712,42400,0,2,0,0.10542635658914728682,"Current","High Risk"
100620,30,38400,"Unemployed",1.9,"Auto Loan",11500,60,4.16,743,9700,0,0,0,0.29947916666666666667,"Current","Low Risk"
100621,43,17700,"Employed",0.5,"Auto Loan",9700,36,5.61,538,7000,20,0,0,0.54802259887005649718,"Current","Medium Risk"
100622,57,57500,"Self-Employed",1,"Unsecured Personal Loan",21600,12,4.67,NULL,8800,0,0,0,0.37565217391304347826,"Current","Low Risk"
100623,51,26000,"Employed",21.8,"Unsecured Personal Loan",4400,36,5.86,661,16300,0,0,0,0.16923076923076923077,"Current","Low Risk"
100624,54,92700,"Employed",2.9,"Auto Loan",13700,48,6.86,737,24200,0,0,0,0.14778856526429341963,"Current","Low Risk"
100625,33,NULL,"Employed",3.8,"Unsecured Personal Loan",18700,60,10.01,742,14800,30,3,1,NULL,"30-59 DPD","High Risk"
100626,28,29000,"Employed",10.3,"Auto Loan",40700,36,6.54,809,10600,0,0,0,1.4034482758620690,"Current","Low Risk"
100627,37,68900,"Employed",27.1,"Unsecured Personal Loan",10000,24,2.74,788,28200,10,1,0,0.14513788098693759071,"Current","High Risk"
100628,39,37600,"Self-Employed",4.4,"Unsecured Personal Loan",16200,60,10.92,788,8000,30,1,0,0.43085106382978723404,"30-59 DPD","High Risk"
100629,49,55600,"Contract",8.4,"Unsecured Personal Loan",4500,24,4.99,795,20400,60,0,0,0.08093525179856115108,"60-89 DPD","Medium Risk"
100630,21,46300,"Contract",2,"Unsecured Personal Loan",3200,36,7.32,703,8100,0,1,0,0.06911447084233261339,"Current","High Risk"
100631,53,23800,"Self-Employed",1.8,"Unsecured Personal Loan",22200,36,8.84,683,13400,90,0,1,0.93277310924369747899,"90+ DPD","High Risk"
100632,36,26300,"Employed",NULL,"Unsecured Personal Loan",13300,12,8.1,750,9100,0,0,0,0.50570342205323193916,"Current","Low Risk"
100633,34,60800,"Employed",NULL,"Unsecured Personal Loan",27100,24,10.78,739,9500,0,0,0,0.44572368421052631579,"Current","Low Risk"
100634,28,NULL,"Employed",5.7,"Unsecured Personal Loan",5900,24,8.94,655,7600,30,0,0,NULL,"30-59 DPD","Medium Risk"
100635,21,29700,"Employed",1.9,"Unsecured Personal Loan",18300,36,4.92,NULL,25400,0,1,0,0.61616161616161616162,"Current","High Risk"
100636,46,22500,"Employed",0.7,"Auto Loan",41000,60,14.04,677,5900,0,3,0,1.8222222222222222,"Current","High Risk"
100637,39,44900,"Employed",NULL,"Unsecured Personal Loan",17200,24,8.08,612,5900,0,0,0,0.38307349665924276169,"Current","Medium Risk"
100638,25,101900,"Employed",0.7,"Auto Loan",15800,48,7.06,783,43700,0,1,0,0.15505397448478900883,"Current","High Risk"
100639,25,21300,"Employed",4.3,"Auto Loan",13400,12,10.39,684,19600,0,0,0,0.62910798122065727700,"Current","Low Risk"
100640,35,NULL,"Contract",5.9,"Auto Loan",5200,36,8.25,844,1900,10,1,0,NULL,"Current","High Risk"
100641,55,73600,"Unemployed",6,"Mortgage",30100,12,8.7,550,6700,30,0,0,0.40896739130434782609,"30-59 DPD","Medium Risk"
100642,35,34900,"Employed",7,"Unsecured Personal Loan",9300,60,14.98,635,2800,10,0,0,0.26647564469914040115,"Current","Medium Risk"
100643,23,45500,"Contract",NULL,"Auto Loan",18100,48,6.67,683,5100,0,0,0,0.39780219780219780220,"Current","Low Risk"
100644,36,21300,"Retired",3.5,"Mortgage",5200,36,6.55,771,1100,60,0,1,0.24413145539906103286,"60-89 DPD","Medium Risk"
100645,35,45000,"Employed",6.6,"Mortgage",6600,48,7.85,712,9000,0,0,0,0.14666666666666666667,"Current","Low Risk"
100646,18,33100,"Employed",4.8,"Unsecured Personal Loan",31600,36,10.71,NULL,4400,0,2,0,0.95468277945619335347,"Current","High Risk"
100647,37,59400,"Employed",1,"Unsecured Personal Loan",10800,60,2.98,590,10300,0,0,0,0.18181818181818181818,"Current","Medium Risk"
100648,36,65800,"Contract",0.1,"Unsecured Personal Loan",32000,48,1.6,587,3200,0,2,0,0.48632218844984802432,"Current","High Risk"
100649,45,132600,"Contract",1.7,"Auto Loan",12700,60,5.74,706,10500,0,0,0,0.09577677224736048265,"Current","Low Risk"
100650,56,48500,"Employed",2.9,"Auto Loan",4400,36,2.6,571,7400,0,0,0,0.09072164948453608247,"Current","Medium Risk"
100651,49,42700,"Employed",4.8,"Unsecured Personal Loan",22800,12,6.23,637,28300,0,0,0,0.53395784543325526932,"Current","Medium Risk"
100652,35,40000,"Self-Employed",9.5,"Auto Loan",9400,36,9.01,720,26600,0,0,0,0.23500000000000000000,"Current","Low Risk"
100653,27,30400,"Employed",1.1,"Auto Loan",20300,12,4.83,601,17100,0,0,0,0.66776315789473684211,"Current","Medium Risk"
100654,64,43000,"Employed",NULL,"Unsecured Personal Loan",13600,36,3.22,808,7900,20,0,0,0.31627906976744186047,"Current","Low Risk"
100655,39,31300,"Contract",16.5,"Mortgage",5300,36,7.71,778,39700,20,0,0,0.16932907348242811502,"Current","Low Risk"
100656,38,39500,"Self-Employed",0.6,"Auto Loan",14700,36,10.09,554,3300,0,0,0,0.37215189873417721519,"Current","Medium Risk"
100657,38,70200,"Contract",3.3,"Unsecured Personal Loan",49900,12,2.42,605,3700,0,3,0,0.71082621082621082621,"Current","High Risk"
100658,40,22000,"Contract",4.4,"Auto Loan",18000,24,9.96,497,9300,90,0,0,0.81818181818181818182,"90+ DPD","High Risk"
100659,37,64200,"Unemployed",3.9,"Unsecured Personal Loan",12900,36,9.95,617,47900,0,0,0,0.20093457943925233645,"Current","Medium Risk"
100660,32,70200,"Employed",0.4,"Auto Loan",25500,60,10.36,741,8600,30,0,0,0.36324786324786324786,"30-59 DPD","Medium Risk"
100661,33,34200,"Self-Employed",0.3,"Mortgage",15200,24,11.16,647,8700,0,1,0,0.44444444444444444444,"Current","High Risk"
100662,38,12600,"Employed",0.6,"Mortgage",15100,36,14.11,717,3600,60,1,0,1.19841269841269841270,"60-89 DPD","High Risk"
100663,33,26800,"Self-Employed",4.4,"Unsecured Personal Loan",6900,48,6.43,558,19200,0,0,0,0.25746268656716417910,"Current","Medium Risk"
100664,31,69500,"Employed",3.9,"Unsecured Personal Loan",15400,36,7.83,744,19300,0,0,0,0.22158273381294964029,"Current","Low Risk"
100665,39,35900,"Self-Employed",1.3,"Unsecured Personal Loan",99600,24,6.25,636,17200,10,0,0,2.7743732590529248,"Current","Medium Risk"
100666,35,22000,"Employed",5.1,"Auto Loan",8100,36,7.51,681,6400,0,0,0,0.36818181818181818182,"Current","Low Risk"
100667,53,28200,"Employed",8.6,"Unsecured Personal Loan",31400,24,12.1,673,6000,0,0,0,1.1134751773049645,"Current","Low Risk"
100668,18,55300,"Employed",0.2,"Auto Loan",12600,60,3.46,578,4000,0,3,0,0.22784810126582278481,"Current","High Risk"
100669,49,47700,"Employed",3.4,"Unsecured Personal Loan",7800,12,4.92,588,10500,10,0,0,0.16352201257861635220,"Current","Medium Risk"
100670,50,32200,"Unemployed",5.8,"Unsecured Personal Loan",24300,24,11.63,757,4600,0,0,0,0.75465838509316770186,"Current","Low Risk"
100671,18,30200,"Unemployed",1.5,"Unsecured Personal Loan",11200,12,10.56,712,4300,0,1,0,0.37086092715231788079,"Current","High Risk"
100672,35,29900,"Employed",1.8,"Mortgage",21100,24,6.41,764,7400,0,0,0,0.70568561872909698997,"Current","Low Risk"
100673,34,22900,"Employed",4.8,"Auto Loan",11200,48,10.06,706,7000,0,0,0,0.48908296943231441048,"Current","Low Risk"
100674,24,81400,"Employed",11.4,"Unsecured Personal Loan",12900,24,8.52,691,6800,10,0,0,0.15847665847665847666,"Current","Low Risk"
100675,30,30900,"Employed",8.3,"Unsecured Personal Loan",18000,12,12,542,13700,0,0,0,0.58252427184466019417,"Current","Medium Risk"
100676,27,66700,"Employed",4.4,"Auto Loan",15900,36,7.72,658,10500,0,2,0,0.23838080959520239880,"Current","High Risk"
100677,56,77700,"Contract",6.6,"Unsecured Personal Loan",4000,12,10.58,678,8100,0,0,0,0.05148005148005148005,"Current","Low Risk"
100678,47,NULL,"Employed",2.3,"Auto Loan",6800,12,15.43,836,11200,0,0,0,NULL,"Current","Low Risk"
100679,51,29300,"Employed",5.1,"Mortgage",23300,48,9.29,NULL,4900,0,0,0,0.79522184300341296928,"Current","Low Risk"
100680,45,44400,"Employed",3.1,"Auto Loan",12300,48,7.65,803,10700,0,2,0,0.27702702702702702703,"Current","High Risk"
100681,27,35900,"Employed",1.1,"Auto Loan",9800,60,9.67,728,11000,0,0,0,0.27298050139275766017,"Current","Low Risk"
100682,33,23100,"Employed",6,"Auto Loan",5900,48,6.4,623,3500,90,0,0,0.25541125541125541126,"90+ DPD","High Risk"
100683,43,42700,"Self-Employed",4.1,"Mortgage",7000,36,14.66,689,19900,0,2,0,0.16393442622950819672,"Current","High Risk"
100684,26,20100,"Employed",2.2,"Mortgage",4000,12,8.04,699,5300,10,0,0,0.19900497512437810945,"Current","Low Risk"
100685,45,65800,"Employed",NULL,"Auto Loan",12600,48,6.68,605,10500,0,0,0,0.19148936170212765957,"Current","Medium Risk"
100686,36,28800,"Employed",0.1,"Unsecured Personal Loan",9300,48,4.99,649,22400,0,0,0,0.32291666666666666667,"Current","Medium Risk"
100687,34,40200,"Employed",NULL,"Unsecured Personal Loan",7500,48,10.79,664,18900,0,0,0,0.18656716417910447761,"Current","Low Risk"
100688,45,41800,"Employed",0.3,"Unsecured Personal Loan",12800,36,10.1,808,10100,0,0,0,0.30622009569377990431,"Current","Low Risk"
100689,42,31900,"Retired",7.3,"Auto Loan",16600,24,6.01,514,7700,90,0,0,0.52037617554858934169,"90+ DPD","High Risk"
100690,34,48700,"Self-Employed",6.1,"Auto Loan",46900,48,9.23,776,19200,60,0,0,0.96303901437371663244,"60-89 DPD","Medium Risk"
100691,50,28600,"Self-Employed",2,"Unsecured Personal Loan",5400,48,2.97,605,15900,20,0,0,0.18881118881118881119,"Current","Medium Risk"
100692,27,56100,"Employed",5.6,"Unsecured Personal Loan",26800,60,8.05,570,6400,0,0,0,0.47771836007130124777,"Current","Medium Risk"
100693,44,18500,"Employed",2.5,"Unsecured Personal Loan",24000,24,8.86,774,5700,0,0,0,1.2972972972972973,"Current","Low Risk"
100694,44,38700,"Employed",7.1,"Mortgage",8400,24,12.62,739,2300,0,0,0,0.21705426356589147287,"Current","Low Risk"
100695,35,95700,"Self-Employed",3,"Auto Loan",15100,24,5.19,780,11000,60,3,0,0.15778474399164054336,"60-89 DPD","High Risk"
100696,41,22000,"Unemployed",2.7,"Auto Loan",10200,48,3.66,744,9300,0,0,0,0.46363636363636363636,"Current","Low Risk"
100697,25,25900,"Employed",13.6,"Unsecured Personal Loan",14900,24,4.81,845,21900,0,2,0,0.57528957528957528958,"Current","High Risk"
100698,47,47000,"Employed",1.4,"Auto Loan",33000,12,3.49,725,12700,0,0,0,0.70212765957446808511,"Current","Low Risk"
100699,36,39700,"Employed",0.6,"Unsecured Personal Loan",19200,60,11.51,667,25200,0,0,0,0.48362720403022670025,"Current","Low Risk"
100700,33,43300,"Contract",4.4,"Auto Loan",18100,12,12.15,707,6100,60,0,1,0.41801385681293302540,"60-89 DPD","Medium Risk"
100701,48,46400,"Self-Employed",17.4,"Unsecured Personal Loan",10300,48,8.46,779,22000,0,1,0,0.22198275862068965517,"Current","High Risk"
100702,31,49900,"Employed",2.4,"Unsecured Personal Loan",5500,24,11.16,618,6800,0,1,0,0.11022044088176352705,"Current","High Risk"
100703,24,63200,"Employed",0.3,"Unsecured Personal Loan",11800,48,7.9,628,17100,0,0,0,0.18670886075949367089,"Current","Medium Risk"
100704,22,44600,"Self-Employed",2.1,"Unsecured Personal Loan",27600,36,7.21,655,3600,30,2,0,0.61883408071748878924,"30-59 DPD","High Risk"
100705,44,32200,"Employed",3.5,"Mortgage",5300,60,6.5,512,11700,0,0,0,0.16459627329192546584,"Current","Medium Risk"
100706,25,50800,"Employed",0.9,"Unsecured Personal Loan",7100,60,6.57,691,2500,30,0,0,0.13976377952755905512,"30-59 DPD","Medium Risk"
100707,56,93900,"Employed",5.4,"Unsecured Personal Loan",14400,12,2.86,529,8200,0,3,0,0.15335463258785942492,"Current","High Risk"
100708,18,34000,"Self-Employed",NULL,"Auto Loan",7400,12,8.29,NULL,13500,30,1,0,0.21764705882352941176,"30-59 DPD","High Risk"
100709,55,22300,"Employed",NULL,"Mortgage",8300,24,7.38,749,6900,10,2,0,0.37219730941704035874,"Current","High Risk"
100710,40,63200,"Employed",2.2,"Unsecured Personal Loan",10400,36,9.74,642,4700,0,0,0,0.16455696202531645570,"Current","Medium Risk"
100711,37,34200,"Contract",2.6,"Auto Loan",5900,48,7.78,814,17900,0,0,0,0.17251461988304093567,"Current","Low Risk"
100712,33,61500,"Employed",0.6,"Mortgage",7400,36,7.01,563,9200,0,0,0,0.12032520325203252033,"Current","Medium Risk"
100713,42,55500,"Employed",10.7,"Unsecured Personal Loan",20400,36,4.89,775,7000,0,0,0,0.36756756756756756757,"Current","Low Risk"
100714,38,27800,"Employed",2.7,"Unsecured Personal Loan",6100,24,7.72,NULL,10200,30,1,0,0.21942446043165467626,"30-59 DPD","High Risk"
100715,49,34700,"Employed",2.4,"Unsecured Personal Loan",5100,48,9.71,543,62700,0,0,0,0.14697406340057636888,"Current","Medium Risk"
100716,39,42900,"Unemployed",5.4,"Mortgage",9200,60,4.07,897,22200,0,0,0,0.21445221445221445221,"Current","Low Risk"
100717,40,39900,"Employed",2.9,"Unsecured Personal Loan",20700,24,7.76,675,22300,0,0,0,0.51879699248120300752,"Current","Low Risk"
100718,34,51800,"Employed",5.2,"Unsecured Personal Loan",11900,36,8.2,610,13400,0,0,0,0.22972972972972972973,"Current","Medium Risk"
100719,37,29200,"Self-Employed",0.3,"Auto Loan",10100,12,5.35,567,11100,30,0,1,0.34589041095890410959,"30-59 DPD","Medium Risk"
100720,41,46900,"Self-Employed",8.4,"Auto Loan",13700,36,5.74,662,1800,0,0,0,0.29211087420042643923,"Current","Low Risk"
100721,21,31900,"Self-Employed",14.1,"Unsecured Personal Loan",4700,36,8.19,670,6200,90,1,0,0.14733542319749216301,"90+ DPD","High Risk"
100722,25,NULL,"Employed",5.2,"Auto Loan",18000,12,4.1,688,7100,60,0,0,NULL,"60-89 DPD","Medium Risk"
100723,45,49400,"Employed",NULL,"Unsecured Personal Loan",16800,36,8.55,656,2700,0,1,0,0.34008097165991902834,"Current","High Risk"
100724,40,22700,"Unemployed",0.8,"Unsecured Personal Loan",10500,24,4.81,731,4400,0,0,0,0.46255506607929515419,"Current","Low Risk"
100725,36,NULL,"Employed",3.2,"Auto Loan",24400,36,10.69,649,2500,30,0,0,NULL,"30-59 DPD","Medium Risk"
100726,38,27800,"Contract",4.6,"Mortgage",6800,36,14.51,525,9600,0,0,0,0.24460431654676258993,"Current","Medium Risk"
100727,41,54400,"Contract",4.4,"Unsecured Personal Loan",26300,12,4.92,668,17600,0,1,0,0.48345588235294117647,"Current","High Risk"
100728,33,43600,"Contract",2.6,"Mortgage",14700,48,9.1,491,21500,0,0,0,0.33715596330275229358,"Current","Medium Risk"
100729,30,91000,"Employed",2.1,"Auto Loan",10900,48,5.32,708,13200,0,0,0,0.11978021978021978022,"Current","Low Risk"
100730,40,32500,"Employed",0.7,"Unsecured Personal Loan",13200,24,10.62,602,5000,20,0,0,0.40615384615384615385,"Current","Medium Risk"
100731,28,30500,"Unemployed",2.5,"Auto Loan",12500,12,3.7,693,2600,0,0,0,0.40983606557377049180,"Current","Low Risk"
100732,42,NULL,"Employed",0.9,"Unsecured Personal Loan",111200,48,8.94,785,2900,0,1,1,NULL,"Current","High Risk"
100733,21,31200,"Employed",6.6,"Mortgage",7000,60,4.88,NULL,4100,60,1,0,0.22435897435897435897,"60-89 DPD","High Risk"
100734,48,54200,"Contract",1.2,"Mortgage",8500,24,6.88,765,5300,20,0,0,0.15682656826568265683,"Current","Low Risk"
100735,43,16200,"Contract",0.3,"Unsecured Personal Loan",24900,24,4.41,645,8900,0,0,0,1.5370370370370370,"Current","Medium Risk"
100736,41,21400,"Employed",4,"Unsecured Personal Loan",9300,24,9.97,820,4900,20,1,1,0.43457943925233644860,"Current","High Risk"
100737,48,21300,"Employed",4.5,"Unsecured Personal Loan",22900,36,4.99,651,12500,0,0,0,1.07511737089201877934,"Current","Low Risk"
100738,55,58400,"Employed",10.3,"Unsecured Personal Loan",37000,24,9.16,613,8400,20,0,0,0.63356164383561643836,"Current","Medium Risk"
100739,48,85400,"Contract",4.3,"Unsecured Personal Loan",10500,24,6.47,735,10000,0,0,0,0.12295081967213114754,"Current","Low Risk"
100740,20,34500,"Contract",2.1,"Unsecured Personal Loan",20100,36,7.16,645,22000,0,0,0,0.58260869565217391304,"Current","Medium Risk"
100741,25,33400,"Employed",8.1,"Auto Loan",6700,36,7.94,613,4300,10,0,0,0.20059880239520958084,"Current","Medium Risk"
100742,32,37600,"Employed",3.9,"Unsecured Personal Loan",21000,24,5.21,642,13300,0,1,1,0.55851063829787234043,"Current","High Risk"
100743,38,64900,"Contract",0.4,"Mortgage",15100,36,8.13,676,9800,120,0,0,0.23266563944530046225,"90+ DPD","High Risk"
100744,43,22800,"Employed",4.2,"Mortgage",17700,36,12.09,787,7800,0,0,1,0.77631578947368421053,"Current","Low Risk"
100745,31,40900,"Employed",11.9,"Unsecured Personal Loan",9100,12,5.17,525,18400,60,1,1,0.22249388753056234719,"60-89 DPD","High Risk"
100746,40,59100,"Retired",2.5,"Mortgage",4900,12,11.02,682,18300,60,0,1,0.08291032148900169205,"60-89 DPD","Medium Risk"
100747,30,46700,"Employed",1.8,"Unsecured Personal Loan",18100,48,11.99,730,5100,0,0,0,0.38758029978586723769,"Current","Low Risk"
100748,32,39900,"Self-Employed",0.8,"Unsecured Personal Loan",3900,12,5.05,695,8700,20,0,0,0.09774436090225563910,"Current","Low Risk"
100749,24,59900,"Employed",0.8,"Auto Loan",11000,48,3.13,785,12100,0,0,0,0.18363939899833055092,"Current","Low Risk"
100750,29,9400,"Employed",2.8,"Unsecured Personal Loan",23500,60,8.41,674,8200,60,2,1,2.5000000000000000,"60-89 DPD","High Risk"
100751,24,51000,"Contract",4.5,"Auto Loan",15000,24,5.86,665,14900,0,1,0,0.29411764705882352941,"Current","High Risk"
100752,28,26200,"Employed",NULL,"Mortgage",43000,24,13.11,727,12100,10,0,0,1.6412213740458015,"Current","Low Risk"
100753,49,14500,"Retired",14,"Mortgage",24700,36,7.6,688,35700,0,0,0,1.7034482758620690,"Current","Low Risk"
100754,29,46900,"Self-Employed",7,"Auto Loan",9000,48,5.09,649,3400,0,0,0,0.19189765458422174840,"Current","Medium Risk"
100755,64,72200,"Employed",4.4,"Auto Loan",13600,60,4.06,721,9100,0,2,0,0.18836565096952908587,"Current","High Risk"
100756,43,33900,"Employed",8.8,"Unsecured Personal Loan",13000,48,10.77,628,5200,0,0,0,0.38348082595870206490,"Current","Medium Risk"
100757,40,58500,"Employed",0.4,"Unsecured Personal Loan",5200,12,5.79,631,15100,20,0,0,0.08888888888888888889,"Current","Medium Risk"
100758,29,81300,"Employed",3.2,"Auto Loan",7600,36,7.63,638,3200,0,0,0,0.09348093480934809348,"Current","Medium Risk"
100759,45,70100,"Employed",5,"Unsecured Personal Loan",9500,36,10.37,788,12600,10,0,0,0.13552068473609129815,"Current","Low Risk"
100760,32,82500,"Employed",8.8,"Unsecured Personal Loan",3900,36,6.05,422,6400,0,0,0,0.04727272727272727273,"Current","Medium Risk"
100761,39,52600,"Employed",7.7,"Unsecured Personal Loan",13700,12,7.36,712,5900,0,0,0,0.26045627376425855513,"Current","Low Risk"
100762,64,37700,"Unemployed",1.6,"Auto Loan",11500,24,7.45,683,3600,0,1,0,0.30503978779840848806,"Current","High Risk"
100763,37,16300,"Self-Employed",14.1,"Unsecured Personal Loan",4900,48,9.55,546,7100,20,0,0,0.30061349693251533742,"Current","Medium Risk"
100764,49,32100,"Unemployed",0.7,"Auto Loan",17000,36,9.27,705,21100,120,2,0,0.52959501557632398754,"90+ DPD","High Risk"
100765,31,23800,"Employed",10.4,"Unsecured Personal Loan",20500,24,6.84,718,9700,0,0,0,0.86134453781512605042,"Current","Low Risk"
100766,38,107500,"Employed",17.7,"Unsecured Personal Loan",15300,24,7.69,727,15400,0,0,0,0.14232558139534883721,"Current","Low Risk"
100767,56,33300,"Self-Employed",1,"Unsecured Personal Loan",11000,48,6.38,468,31700,0,2,1,0.33033033033033033033,"Current","High Risk"
100768,32,38600,"Employed",6.4,"Unsecured Personal Loan",19100,48,3.07,789,11900,10,0,0,0.49481865284974093264,"Current","Low Risk"
100769,56,47800,"Employed",0.2,"Mortgage",20100,24,8.27,621,6700,0,1,0,0.42050209205020920502,"Current","High Risk"
100770,45,37100,"Contract",2.6,"Unsecured Personal Loan",16100,12,13.18,735,13700,20,1,0,0.43396226415094339623,"Current","High Risk"
100771,32,84800,"Unemployed",3.6,"Unsecured Personal Loan",8100,24,4.85,739,6800,0,0,0,0.09551886792452830189,"Current","Low Risk"
100772,44,26600,"Employed",4.3,"Auto Loan",15800,60,5.18,610,7000,20,0,0,0.59398496240601503759,"Current","Medium Risk"
100773,48,40000,"Employed",13.7,"Unsecured Personal Loan",27400,36,4.89,733,3400,10,0,0,0.68500000000000000000,"Current","Low Risk"
100774,44,25100,"Unemployed",5.6,"Unsecured Personal Loan",9300,36,9.67,649,18900,0,0,0,0.37051792828685258964,"Current","Medium Risk"
100775,22,18800,"Self-Employed",3.3,"Unsecured Personal Loan",47000,36,8.85,514,7600,0,0,0,2.5000000000000000,"Current","Medium Risk"
100776,31,NULL,"Unemployed",8.3,"Mortgage",38800,24,7.02,773,11200,0,0,0,NULL,"Current","Low Risk"
100777,36,35600,"Unemployed",15,"Auto Loan",13600,48,4.75,618,4800,0,0,0,0.38202247191011235955,"Current","Medium Risk"
100778,37,29300,"Contract",0.1,"Unsecured Personal Loan",8900,36,7.78,NULL,13400,30,0,0,0.30375426621160409556,"30-59 DPD","Medium Risk"
100779,44,25700,"Employed",20.2,"Unsecured Personal Loan",15300,12,2.81,648,5800,0,0,0,0.59533073929961089494,"Current","Medium Risk"
100780,40,18000,"Employed",0.5,"Unsecured Personal Loan",4700,12,7.93,702,9000,30,3,0,0.26111111111111111111,"30-59 DPD","High Risk"
100781,25,NULL,"Self-Employed",8.4,"Unsecured Personal Loan",9600,36,10.11,675,18300,0,0,0,NULL,"Current","Low Risk"
100782,42,17100,"Self-Employed",1.6,"Auto Loan",6900,60,3.75,724,17200,0,0,0,0.40350877192982456140,"Current","Low Risk"
100783,44,53100,"Unemployed",0.7,"Mortgage",14500,24,2.9,573,9700,0,0,0,0.27306967984934086629,"Current","Medium Risk"
100784,44,37800,"Employed",2.9,"Unsecured Personal Loan",24300,48,12.24,621,2900,0,3,0,0.64285714285714285714,"Current","High Risk"
100785,49,17500,"Employed",5.2,"Mortgage",19700,48,5.66,671,80400,0,3,0,1.12571428571428571429,"Current","High Risk"
100786,46,31100,"Contract",2.4,"Unsecured Personal Loan",3200,24,10.91,832,33600,0,0,0,0.10289389067524115756,"Current","Low Risk"
100787,43,24900,"Unemployed",0.3,"Unsecured Personal Loan",45500,12,7.04,671,16400,0,1,0,1.8273092369477912,"Current","High Risk"
100788,37,42600,"Contract",4.6,"Unsecured Personal Loan",15900,12,7.01,767,5800,0,0,0,0.37323943661971830986,"Current","Low Risk"
100789,21,71000,"Unemployed",11.6,"Unsecured Personal Loan",8400,48,8.82,683,9100,0,3,0,0.11830985915492957746,"Current","High Risk"
100790,42,14200,"Self-Employed",2.4,"Mortgage",14700,24,4.85,641,6800,0,0,0,1.03521126760563380282,"Current","Medium Risk"
100791,40,38500,"Self-Employed",1.2,"Unsecured Personal Loan",14800,24,7.9,660,24000,0,0,0,0.38441558441558441558,"Current","Low Risk"
100792,41,33500,"Contract",2.9,"Unsecured Personal Loan",9000,36,6.36,667,11900,60,0,0,0.26865671641791044776,"60-89 DPD","Medium Risk"
100793,25,50800,"Self-Employed",0.2,"Mortgage",15000,48,3.54,728,5700,0,0,0,0.29527559055118110236,"Current","Low Risk"
100794,27,40400,"Self-Employed",8.6,"Mortgage",9300,12,8.51,790,7100,20,1,1,0.23019801980198019802,"Current","High Risk"
100795,49,24900,"Employed",8.8,"Auto Loan",10500,36,6.71,709,21700,0,0,0,0.42168674698795180723,"Current","Low Risk"
100796,38,31000,"Employed",4.4,"Mortgage",8900,36,7.03,775,30300,10,3,1,0.28709677419354838710,"Current","High Risk"
100797,45,24400,"Unemployed",2.2,"Unsecured Personal Loan",5700,36,3.87,603,28800,0,0,0,0.23360655737704918033,"Current","Medium Risk"
100798,38,62200,"Employed",8,"Mortgage",14600,48,12.27,647,16800,60,0,0,0.23472668810289389068,"60-89 DPD","Medium Risk"
100799,38,36700,"Employed",4,"Auto Loan",19000,24,10.13,622,8300,0,0,0,0.51771117166212534060,"Current","Medium Risk"
100800,47,94000,"Employed",8.7,"Mortgage",18200,48,10.39,NULL,1000,30,0,0,0.19361702127659574468,"30-59 DPD","Medium Risk"
100801,33,35200,"Employed",5,"Auto Loan",21800,36,6.58,651,12200,0,1,0,0.61931818181818181818,"Current","High Risk"
100802,39,25500,"Employed",7.7,"Unsecured Personal Loan",16200,36,2.31,738,9900,0,0,0,0.63529411764705882353,"Current","Low Risk"
100803,33,17000,"Employed",4.6,"Auto Loan",9700,36,13.36,606,10900,10,0,0,0.57058823529411764706,"Current","Medium Risk"
100804,34,14700,"Contract",2.7,"Unsecured Personal Loan",22100,36,7.32,683,10300,0,0,0,1.5034013605442177,"Current","Low Risk"
100805,35,16400,"Employed",15.8,"Unsecured Personal Loan",5900,12,5.25,735,3900,0,0,0,0.35975609756097560976,"Current","Low Risk"
100806,40,41500,"Employed",3.9,"Unsecured Personal Loan",7800,36,8.75,515,14600,0,3,1,0.18795180722891566265,"Current","High Risk"
100807,33,46800,"Employed",4.6,"Mortgage",7500,36,11,850,15400,0,0,0,0.16025641025641025641,"Current","Low Risk"
100808,51,16500,"Self-Employed",1.2,"Unsecured Personal Loan",25500,36,7.43,657,16000,90,1,0,1.5454545454545455,"90+ DPD","High Risk"
100809,29,56800,"Employed",4.9,"Auto Loan",23500,24,11.34,518,19200,0,0,0,0.41373239436619718310,"Current","Medium Risk"
100810,36,28500,"Contract",4.2,"Unsecured Personal Loan",17900,60,10.75,693,15100,20,0,0,0.62807017543859649123,"Current","Low Risk"
100811,34,39100,"Self-Employed",1,"Mortgage",25400,36,4.27,683,7400,0,2,0,0.64961636828644501279,"Current","High Risk"
100812,52,81300,"Unemployed",0.3,"Unsecured Personal Loan",7900,12,5.48,673,9400,0,0,0,0.09717097170971709717,"Current","Low Risk"
100813,40,56900,"Employed",4.6,"Auto Loan",16500,36,10.37,759,10500,60,0,0,0.28998242530755711775,"60-89 DPD","Medium Risk"
100814,48,31800,"Self-Employed",7.2,"Mortgage",12400,48,-0.64,740,10700,30,0,0,0.38993710691823899371,"30-59 DPD","Medium Risk"
100815,23,NULL,"Employed",3.7,"Unsecured Personal Loan",22200,48,7.05,704,19900,20,0,0,NULL,"Current","Low Risk"
100816,41,12400,"Contract",1.3,"Unsecured Personal Loan",12500,36,3.21,716,15500,0,1,0,1.00806451612903225806,"Current","High Risk"
100817,47,25300,"Self-Employed",5.5,"Auto Loan",10600,48,6.07,672,42400,0,0,0,0.41897233201581027668,"Current","Low Risk"
100818,39,32700,"Employed",0.4,"Mortgage",18500,24,6.6,822,46400,0,2,0,0.56574923547400611621,"Current","High Risk"
100819,49,22200,"Employed",2.9,"Auto Loan",22600,36,6.43,562,10500,0,0,0,1.01801801801801801802,"Current","Medium Risk"
100820,33,34000,"Employed",0.9,"Unsecured Personal Loan",8900,48,5.84,691,700,0,0,0,0.26176470588235294118,"Current","Low Risk"
100821,52,37700,"Self-Employed",1,"Mortgage",12900,48,4.21,685,23500,30,0,0,0.34217506631299734748,"30-59 DPD","Medium Risk"
100822,61,32500,"Employed",1.1,"Unsecured Personal Loan",7100,36,14.38,745,6800,30,0,0,0.21846153846153846154,"30-59 DPD","Medium Risk"
100823,34,26200,"Self-Employed",2.4,"Auto Loan",3000,48,13.1,612,5600,0,3,0,0.11450381679389312977,"Current","High Risk"
100824,34,39500,"Employed",0.3,"Mortgage",15100,12,4.01,541,7500,0,0,0,0.38227848101265822785,"Current","Medium Risk"
100825,53,45300,"Self-Employed",2.5,"Unsecured Personal Loan",19300,48,12.25,693,7200,30,0,0,0.42604856512141280353,"30-59 DPD","Medium Risk"
100826,54,21100,"Contract",3.6,"Auto Loan",15600,24,6.3,702,15200,0,1,1,0.73933649289099526066,"Current","High Risk"
100827,33,73500,"Unemployed",3.3,"Auto Loan",4100,24,7.89,799,3300,0,1,0,0.05578231292517006803,"Current","High Risk"
100828,34,34600,"Unemployed",2.4,"Mortgage",10800,24,7.31,578,4700,0,0,0,0.31213872832369942197,"Current","Medium Risk"
100829,35,36700,"Employed",9.1,"Unsecured Personal Loan",3500,36,5.52,772,12600,0,1,1,0.09536784741144414169,"Current","High Risk"
100830,25,51700,"Employed",0.8,"Unsecured Personal Loan",30400,24,10.45,869,15300,120,0,0,0.58800773694390715667,"90+ DPD","High Risk"
100831,29,40800,"Self-Employed",3.5,"Mortgage",7000,24,7.88,650,15500,0,0,0,0.17156862745098039216,"Current","Low Risk"
100832,28,58500,"Employed",NULL,"Unsecured Personal Loan",28400,12,6.07,577,5700,0,0,0,0.48547008547008547009,"Current","Medium Risk"
100833,30,41900,"Employed",0.4,"Unsecured Personal Loan",23600,24,3.59,NULL,5000,0,0,0,0.56324582338902147971,"Current","Low Risk"
100834,38,26700,"Employed",4.3,"Mortgage",7800,36,4.82,681,6900,60,0,0,0.29213483146067415730,"60-89 DPD","Medium Risk"
100835,40,43500,"Employed",4.2,"Unsecured Personal Loan",6800,36,2.58,725,11700,30,0,0,0.15632183908045977011,"30-59 DPD","Medium Risk"
100836,54,20500,"Employed",10.5,"Mortgage",16500,24,7.54,NULL,28000,0,0,1,0.80487804878048780488,"Current","Low Risk"
100837,28,38300,"Contract",4.1,"Unsecured Personal Loan",8000,48,3.91,804,2400,0,1,0,0.20887728459530026110,"Current","High Risk"
100838,48,35700,"Employed",16.1,"Unsecured Personal Loan",14200,48,6.7,591,8500,0,3,0,0.39775910364145658263,"Current","High Risk"
100839,36,32700,"Self-Employed",0.2,"Auto Loan",10000,48,11.61,541,3900,0,1,0,0.30581039755351681957,"Current","High Risk"
100840,38,34100,"Employed",0.5,"Auto Loan",4600,24,11.1,769,3100,10,0,0,0.13489736070381231672,"Current","Low Risk"
100841,45,14200,"Self-Employed",0.2,"Auto Loan",3500,48,7.4,498,19500,0,0,0,0.24647887323943661972,"Current","Medium Risk"
100842,27,27600,"Employed",1,"Auto Loan",15300,24,7.24,664,14500,0,0,0,0.55434782608695652174,"Current","Low Risk"
100843,42,38000,"Contract",3.9,"Mortgage",9500,12,13.14,929,13600,10,0,0,0.25000000000000000000,"Current","Low Risk"
100844,40,196500,"Contract",5.2,"Unsecured Personal Loan",9600,24,9.06,679,18900,0,0,0,0.04885496183206106870,"Current","Low Risk"
100845,43,21700,"Employed",0.2,"Unsecured Personal Loan",20300,48,6.52,590,7100,30,0,0,0.93548387096774193548,"30-59 DPD","Medium Risk"
100846,41,68400,"Contract",14.6,"Unsecured Personal Loan",27000,24,3.22,675,7300,0,0,0,0.39473684210526315789,"Current","Low Risk"
100847,63,23600,"Retired",9.2,"Auto Loan",11300,12,8.68,676,45700,0,0,0,0.47881355932203389831,"Current","Low Risk"
100848,32,59000,"Contract",1.8,"Unsecured Personal Loan",10900,12,9.99,693,8300,120,0,0,0.18474576271186440678,"90+ DPD","High Risk"
100849,33,45000,"Contract",0.4,"Unsecured Personal Loan",18000,48,5.61,733,16600,0,0,0,0.40000000000000000000,"Current","Low Risk"
100850,32,26300,"Employed",0.9,"Unsecured Personal Loan",5900,36,8.37,597,9900,10,0,0,0.22433460076045627376,"Current","Medium Risk"
100851,32,441000,"Self-Employed",0.7,"Unsecured Personal Loan",15300,24,6.41,815,2700,0,0,0,0.03469387755102040816,"Current","Low Risk"
100852,32,20000,"Employed",0.7,"Unsecured Personal Loan",18600,36,6.95,700,2400,0,0,0,0.93000000000000000000,"Current","Low Risk"
100853,50,57500,"Employed",3.7,"Auto Loan",20100,36,0.04,738,6600,10,0,0,0.34956521739130434783,"Current","Low Risk"
100854,52,59900,"Retired",1.4,"Unsecured Personal Loan",4200,36,6.83,630,20700,0,0,0,0.07011686143572621035,"Current","Medium Risk"
100855,32,26000,"Employed",2.2,"Mortgage",8500,24,10.41,783,17200,30,0,0,0.32692307692307692308,"30-59 DPD","Medium Risk"
100856,30,NULL,"Unemployed",22.8,"Auto Loan",7900,48,5.61,659,18800,0,1,0,NULL,"Current","High Risk"
100857,43,32000,"Contract",5.8,"Unsecured Personal Loan",14200,24,7.66,702,5000,0,1,0,0.44375000000000000000,"Current","High Risk"
100858,32,42000,"Contract",14.9,"Auto Loan",17800,36,5.23,605,30700,0,0,0,0.42380952380952380952,"Current","Medium Risk"
100859,44,41400,"Retired",0.8,"Unsecured Personal Loan",32800,12,8.58,600,5000,0,0,0,0.79227053140096618357,"Current","Medium Risk"
100860,40,34000,"Employed",2.4,"Auto Loan",9900,24,6.85,735,11500,0,0,0,0.29117647058823529412,"Current","Low Risk"
100861,23,54500,"Employed",4,"Mortgage",9900,24,4.68,645,9800,0,0,0,0.18165137614678899083,"Current","Medium Risk"
100862,53,54000,"Employed",0.4,"Auto Loan",26600,36,11.5,NULL,8800,0,0,0,0.49259259259259259259,"Current","Low Risk"
100863,56,15100,"Employed",0,"Auto Loan",16000,12,10.29,629,25300,0,0,0,1.05960264900662251656,"Current","Medium Risk"
100864,32,69700,"Employed",5.5,"Unsecured Personal Loan",28600,48,5.69,736,6000,20,0,0,0.41032998565279770445,"Current","Low Risk"
100865,34,15800,"Employed",5.1,"Unsecured Personal Loan",15900,24,8.99,630,3800,0,1,0,1.00632911392405063291,"Current","High Risk"
100866,41,60900,"Unemployed",2.6,"Mortgage",6700,36,9.11,671,10000,60,1,1,0.11001642036124794745,"60-89 DPD","High Risk"
100867,41,63800,"Self-Employed",3.4,"Unsecured Personal Loan",6000,48,9.43,681,7500,0,0,0,0.09404388714733542320,"Current","Low Risk"
100868,45,21000,"Employed",2.7,"Unsecured Personal Loan",5300,36,2.42,NULL,105300,0,0,0,0.25238095238095238095,"Current","Low Risk"
100869,58,29600,"Self-Employed",0.1,"Unsecured Personal Loan",19900,48,10.52,562,15900,20,0,0,0.67229729729729729730,"Current","Medium Risk"
100870,36,20900,"Employed",2,"Auto Loan",27300,36,5.79,707,7400,0,0,0,1.30622009569377990431,"Current","Low Risk"
100871,30,32600,"Employed",1,"Unsecured Personal Loan",40500,24,6.43,621,4700,0,3,0,1.2423312883435583,"Current","High Risk"
100872,24,31100,"Unemployed",0.5,"Mortgage",22200,48,15.41,765,2700,0,0,0,0.71382636655948553055,"Current","Low Risk"
100873,31,53600,"Self-Employed",15.7,"Unsecured Personal Loan",26800,24,8.41,757,4800,0,0,0,0.50000000000000000000,"Current","Low Risk"
100874,38,69900,"Unemployed",4.6,"Unsecured Personal Loan",9400,36,6.34,738,10700,0,1,0,0.13447782546494992847,"Current","High Risk"
100875,56,73000,"Employed",6.5,"Auto Loan",6700,48,0.88,NULL,26900,120,1,0,0.09178082191780821918,"90+ DPD","High Risk"
100876,33,27400,"Contract",1.9,"Unsecured Personal Loan",22200,24,11.67,673,21700,0,1,0,0.81021897810218978102,"Current","High Risk"
100877,40,32700,"Self-Employed",2.5,"Auto Loan",17200,24,3.46,732,11600,30,0,0,0.52599388379204892966,"30-59 DPD","Medium Risk"
100878,38,15700,"Self-Employed",1.4,"Unsecured Personal Loan",14200,36,4.49,633,7900,10,0,0,0.90445859872611464968,"Current","Medium Risk"
100879,50,24300,"Self-Employed",0.5,"Unsecured Personal Loan",16900,48,6.51,876,11900,0,0,0,0.69547325102880658436,"Current","Low Risk"
100880,63,58800,"Contract",1,"Unsecured Personal Loan",16200,60,11.75,839,6900,0,0,0,0.27551020408163265306,"Current","Low Risk"
100881,33,81500,"Self-Employed",8,"Mortgage",28900,36,9.82,681,33000,30,3,0,0.35460122699386503067,"30-59 DPD","High Risk"
100882,33,19600,"Self-Employed",5.7,"Auto Loan",29100,36,7.03,NULL,8700,30,0,0,1.4846938775510204,"30-59 DPD","Medium Risk"
100883,48,27000,"Retired",4,"Auto Loan",18500,60,8.42,789,9300,0,2,0,0.68518518518518518519,"Current","High Risk"
100884,45,35800,"Unemployed",3.2,"Unsecured Personal Loan",22200,12,5.7,668,2100,0,0,0,0.62011173184357541899,"Current","Low Risk"
100885,56,41800,"Employed",12.8,"Auto Loan",18200,24,7.92,627,8600,0,1,0,0.43540669856459330144,"Current","High Risk"
100886,44,NULL,"Unemployed",0.4,"Unsecured Personal Loan",10100,48,7.72,750,17800,0,0,0,NULL,"Current","Low Risk"
100887,34,224500,"Employed",1.6,"Mortgage",21000,48,10.41,686,4700,0,3,0,0.09354120267260579065,"Current","High Risk"
100888,44,28700,"Employed",2.2,"Auto Loan",5800,48,10.4,695,5900,30,0,0,0.20209059233449477352,"30-59 DPD","Medium Risk"
100889,49,36100,"Self-Employed",7.6,"Auto Loan",25100,36,8.98,613,17200,0,0,0,0.69529085872576177285,"Current","Medium Risk"
100890,46,47700,"Contract",NULL,"Unsecured Personal Loan",6500,12,6.41,543,3500,10,1,0,0.13626834381551362683,"Current","High Risk"
100891,43,36400,"Contract",1.4,"Auto Loan",15900,36,9.73,699,20800,0,0,0,0.43681318681318681319,"Current","Low Risk"
100892,49,29200,"Employed",10.4,"Unsecured Personal Loan",8000,24,7.22,752,6800,0,0,0,0.27397260273972602740,"Current","Low Risk"
100893,50,34400,"Employed",8.9,"Mortgage",74400,24,4.25,662,7500,0,3,0,2.1627906976744186,"Current","High Risk"
100894,52,34700,"Employed",1.3,"Unsecured Personal Loan",13100,48,6.29,795,4500,10,0,0,0.37752161383285302594,"Current","Low Risk"
100895,44,30200,"Retired",2.5,"Unsecured Personal Loan",5100,12,7.75,624,12900,30,0,0,0.16887417218543046358,"30-59 DPD","Medium Risk"
100896,36,31900,"Retired",2.6,"Unsecured Personal Loan",17200,48,10.23,596,55400,10,0,0,0.53918495297805642633,"Current","Medium Risk"
100897,39,80800,"Self-Employed",19.1,"Unsecured Personal Loan",9400,36,6.95,675,17100,0,1,1,0.11633663366336633663,"Current","High Risk"
100898,50,48100,"Contract",1,"Unsecured Personal Loan",22700,36,3.87,673,5400,0,0,0,0.47193347193347193347,"Current","Low Risk"
100899,30,31300,"Unemployed",8,"Mortgage",13400,12,7.67,742,21900,0,0,0,0.42811501597444089457,"Current","Low Risk"
100900,42,51500,"Self-Employed",2,"Auto Loan",16900,24,7.84,NULL,7900,0,0,0,0.32815533980582524272,"Current","Low Risk"
100901,34,30700,"Employed",6.6,"Mortgage",7500,12,8.06,789,25900,20,0,0,0.24429967426710097720,"Current","Low Risk"
100902,38,65300,"Employed",2.7,"Mortgage",9400,60,10.26,837,17400,0,0,0,0.14395099540581929556,"Current","Low Risk"
100903,51,43700,"Self-Employed",4.3,"Unsecured Personal Loan",10100,48,10.56,677,1300,30,0,0,0.23112128146453089245,"30-59 DPD","Medium Risk"
100904,40,34400,"Self-Employed",8.9,"Auto Loan",22300,36,5.72,780,4900,0,0,0,0.64825581395348837209,"Current","Low Risk"
100905,38,45400,"Employed",8.2,"Unsecured Personal Loan",36500,24,5.65,NULL,19200,10,0,0,0.80396475770925110132,"Current","Low Risk"
100906,24,16600,"Contract",10.1,"Mortgage",8200,60,4.38,766,11000,90,0,0,0.49397590361445783133,"90+ DPD","High Risk"
100907,45,20700,"Employed",0.3,"Unsecured Personal Loan",25500,24,9.6,764,4800,0,0,1,1.23188405797101449275,"Current","Low Risk"
100908,44,20000,"Employed",5.9,"Unsecured Personal Loan",3600,24,11.85,749,6400,60,0,0,0.18000000000000000000,"60-89 DPD","Medium Risk"
100909,60,39000,"Self-Employed",0.8,"Unsecured Personal Loan",26000,36,6.55,679,2600,0,0,0,0.66666666666666666667,"Current","Low Risk"
100910,35,86400,"Self-Employed",NULL,"Unsecured Personal Loan",7500,60,6.78,444,9300,0,0,0,0.08680555555555555556,"Current","Medium Risk"
100911,40,110800,"Self-Employed",4,"Unsecured Personal Loan",5900,12,11.9,629,46500,30,0,0,0.05324909747292418773,"30-59 DPD","Medium Risk"
100912,40,50000,"Employed",2.6,"Unsecured Personal Loan",5200,24,9.02,630,17400,60,0,0,0.10400000000000000000,"60-89 DPD","Medium Risk"
100913,54,46600,"Employed",3.7,"Auto Loan",17100,60,8.81,602,45900,0,0,0,0.36695278969957081545,"Current","Medium Risk"
100914,37,NULL,"Self-Employed",28.3,"Mortgage",11700,24,3.93,690,18400,0,0,0,NULL,"Current","Low Risk"
100915,41,27700,"Self-Employed",0.7,"Unsecured Personal Loan",16800,12,9.54,NULL,20300,10,0,0,0.60649819494584837545,"Current","Low Risk"
100916,44,24500,"Employed",5.6,"Unsecured Personal Loan",20200,36,4.71,614,39400,30,0,0,0.82448979591836734694,"30-59 DPD","Medium Risk"
100917,40,NULL,"Unemployed",2.5,"Mortgage",15700,48,4.1,595,12900,0,0,0,NULL,"Current","Medium Risk"
100918,34,33400,"Employed",0.7,"Unsecured Personal Loan",19800,36,6.46,623,8700,20,2,0,0.59281437125748502994,"Current","High Risk"
100919,40,28700,"Self-Employed",0.9,"Mortgage",12800,60,5.74,770,20400,0,0,0,0.44599303135888501742,"Current","Low Risk"
100920,49,13500,"Contract",NULL,"Unsecured Personal Loan",6600,36,6.84,627,27400,0,0,0,0.48888888888888888889,"Current","Medium Risk"
100921,28,52800,"Employed",10.6,"Auto Loan",100800,12,3.18,639,7100,0,0,0,1.9090909090909091,"Current","Medium Risk"
100922,39,21200,"Employed",11.9,"Auto Loan",9400,60,10.38,643,6000,0,0,0,0.44339622641509433962,"Current","Medium Risk"
100923,31,40900,"Unemployed",23.9,"Auto Loan",7600,36,10.88,707,10900,60,0,0,0.18581907090464547677,"60-89 DPD","Medium Risk"
100924,50,102400,"Self-Employed",1.2,"Mortgage",12000,24,1.66,716,17700,0,0,0,0.11718750000000000000,"Current","Low Risk"
100925,23,22900,"Self-Employed",2.2,"Unsecured Personal Loan",7700,36,10.44,436,17300,90,1,1,0.33624454148471615721,"90+ DPD","High Risk"
100926,32,10200,"Contract",5.5,"Unsecured Personal Loan",10400,24,5.07,762,3700,0,0,0,1.01960784313725490196,"Current","Low Risk"
100927,42,157500,"Contract",3.3,"Auto Loan",16400,12,10.07,795,37700,10,0,0,0.10412698412698412698,"Current","Low Risk"
100928,54,63000,"Retired",2.7,"Mortgage",16500,12,7.29,596,6300,20,0,0,0.26190476190476190476,"Current","Medium Risk"
100929,37,96700,"Employed",2.2,"Unsecured Personal Loan",7800,36,7.59,602,8200,10,0,0,0.08066184074457083764,"Current","Medium Risk"
100930,32,19600,"Employed",4.5,"Mortgage",10000,48,6.94,644,5300,0,0,0,0.51020408163265306122,"Current","Medium Risk"
100931,57,46600,"Employed",4.3,"Unsecured Personal Loan",25500,36,11.14,620,65400,0,0,0,0.54721030042918454936,"Current","Medium Risk"
100932,24,28800,"Employed",0.9,"Unsecured Personal Loan",18000,60,3.78,698,11700,30,0,0,0.62500000000000000000,"30-59 DPD","Medium Risk"
100933,18,NULL,"Self-Employed",3.2,"Auto Loan",46400,24,9.32,524,5500,30,0,0,NULL,"30-59 DPD","Medium Risk"
100934,42,136200,"Employed",4,"Unsecured Personal Loan",27100,24,10.8,591,18100,0,1,0,0.19897209985315712188,"Current","High Risk"
100935,33,17100,"Contract",4.2,"Auto Loan",26500,24,9.65,803,17000,30,0,0,1.5497076023391813,"30-59 DPD","Medium Risk"
100936,28,41200,"Self-Employed",1.2,"Unsecured Personal Loan",5800,24,14.47,606,8700,0,1,0,0.14077669902912621359,"Current","High Risk"
100937,45,45900,"Self-Employed",6.8,"Unsecured Personal Loan",21100,24,5.91,779,17800,0,0,0,0.45969498910675381264,"Current","Low Risk"
100938,40,62500,"Employed",0.1,"Auto Loan",12900,48,10.37,708,5600,30,0,0,0.20640000000000000000,"30-59 DPD","Medium Risk"
100939,32,38100,"Employed",2.2,"Auto Loan",9600,60,7.18,535,7000,0,2,1,0.25196850393700787402,"Current","High Risk"
100940,25,42400,"Employed",7.6,"Unsecured Personal Loan",14800,60,11.2,731,2400,20,0,0,0.34905660377358490566,"Current","Low Risk"
100941,47,29900,"Employed",4.1,"Unsecured Personal Loan",23600,24,7.48,671,3900,0,1,0,0.78929765886287625418,"Current","High Risk"
100942,45,41500,"Employed",1.5,"Unsecured Personal Loan",18000,48,6.34,644,35100,0,0,0,0.43373493975903614458,"Current","Medium Risk"
100943,37,30600,"Self-Employed",5.9,"Unsecured Personal Loan",7900,24,11.42,NULL,31200,0,0,0,0.25816993464052287582,"Current","Low Risk"
100944,56,49600,"Contract",4.2,"Mortgage",20900,12,6.03,718,10400,0,0,0,0.42137096774193548387,"Current","Low Risk"
100945,27,30200,"Contract",8,"Mortgage",9100,48,3.26,737,31700,20,0,0,0.30132450331125827815,"Current","Low Risk"
100946,23,43900,"Self-Employed",6.6,"Unsecured Personal Loan",15200,36,5.95,774,8800,0,2,0,0.34624145785876993166,"Current","High Risk"
100947,31,35800,"Employed",4.7,"Unsecured Personal Loan",11100,24,9.36,713,8300,0,1,1,0.31005586592178770950,"Current","High Risk"
100948,38,63800,"Contract",3.3,"Mortgage",11700,36,11.68,570,10300,0,0,0,0.18338557993730407524,"Current","Medium Risk"
100949,40,35400,"Contract",0.7,"Auto Loan",21200,24,7.83,642,9100,0,0,0,0.59887005649717514124,"Current","Medium Risk"
100950,36,15000,"Employed",1.5,"Auto Loan",7200,48,11.45,915,8500,20,0,0,0.48000000000000000000,"Current","Low Risk"
100951,42,NULL,"Unemployed",2.7,"Auto Loan",42900,36,3.43,NULL,22000,0,0,0,NULL,"Current","Low Risk"
100952,25,23100,"Employed",4.6,"Unsecured Personal Loan",4500,60,6.17,870,11000,0,0,0,0.19480519480519480519,"Current","Low Risk"
100953,52,26200,"Contract",3.6,"Unsecured Personal Loan",9300,12,6.63,792,16300,60,0,0,0.35496183206106870229,"60-89 DPD","Medium Risk"
100954,37,27000,"Retired",1.7,"Mortgage",16700,24,7.16,699,20400,10,0,0,0.61851851851851851852,"Current","Low Risk"
100955,49,NULL,"Employed",0,"Auto Loan",19000,36,7.75,704,13000,20,0,0,NULL,"Current","Low Risk"
100956,41,12500,"Contract",NULL,"Unsecured Personal Loan",12600,36,9.57,677,5000,0,1,0,1.00800000000000000000,"Current","High Risk"
100957,43,174400,"Self-Employed",NULL,"Unsecured Personal Loan",12900,24,6.17,541,3800,0,2,0,0.07396788990825688073,"Current","High Risk"
100958,44,61600,"Retired",6.6,"Unsecured Personal Loan",17100,48,7.92,681,11000,30,1,0,0.27759740259740259740,"30-59 DPD","High Risk"
100959,42,40600,"Employed",0.1,"Auto Loan",11600,48,7.36,777,8800,10,1,0,0.28571428571428571429,"Current","High Risk"
100960,44,35300,"Contract",4.4,"Unsecured Personal Loan",30800,60,4.72,632,10500,0,0,0,0.87252124645892351275,"Current","Medium Risk"
100961,51,41900,"Employed",14.2,"Unsecured Personal Loan",22100,48,7.16,713,9800,10,0,0,0.52744630071599045346,"Current","Low Risk"
100962,40,47100,"Employed",1,"Mortgage",22600,48,7.07,748,60400,0,0,0,0.47983014861995753715,"Current","Low Risk"
100963,45,50100,"Employed",3.2,"Unsecured Personal Loan",7500,36,7,607,3900,0,1,0,0.14970059880239520958,"Current","High Risk"
100964,37,47900,"Retired",0.5,"Unsecured Personal Loan",12700,48,7.6,644,2500,20,2,0,0.26513569937369519833,"Current","High Risk"
100965,52,38000,"Contract",4.9,"Unsecured Personal Loan",11200,24,7.73,599,12500,10,0,0,0.29473684210526315789,"Current","Medium Risk"
100966,31,32900,"Contract",4,"Unsecured Personal Loan",7300,24,6.2,614,7600,0,1,0,0.22188449848024316109,"Current","High Risk"
100967,56,33700,"Contract",2.6,"Unsecured Personal Loan",16600,24,11.32,577,12300,30,0,1,0.49258160237388724036,"30-59 DPD","Medium Risk"
100968,38,32900,"Employed",3.7,"Mortgage",9700,36,3.99,608,14900,0,0,0,0.29483282674772036474,"Current","Medium Risk"
100969,24,64000,"Employed",11.3,"Mortgage",19800,24,5.34,794,24300,0,0,0,0.30937500000000000000,"Current","Low Risk"
100970,39,48900,"Employed",1.1,"Unsecured Personal Loan",7000,60,15.84,607,3400,30,0,0,0.14314928425357873211,"30-59 DPD","Medium Risk"
100971,31,8300,"Employed",0.1,"Unsecured Personal Loan",37500,24,4.39,690,6700,20,0,0,4.5180722891566265,"Current","Low Risk"
100972,46,50400,"Employed",9.9,"Auto Loan",7800,12,3.44,640,13400,0,0,0,0.15476190476190476190,"Current","Medium Risk"
100973,31,40000,"Employed",4.3,"Unsecured Personal Loan",15200,36,9.7,774,17000,0,0,0,0.38000000000000000000,"Current","Low Risk"
100974,34,36000,"Employed",11.1,"Unsecured Personal Loan",21500,12,1.27,785,46000,0,0,0,0.59722222222222222222,"Current","Low Risk"
100975,19,29900,"Employed",4.5,"Mortgage",9500,12,6.79,749,19300,10,0,0,0.31772575250836120401,"Current","Low Risk"
100976,33,63700,"Employed",8.3,"Unsecured Personal Loan",22300,24,13.94,NULL,9500,0,0,0,0.35007849293563579278,"Current","Low Risk"
100977,18,58300,"Employed",2.8,"Unsecured Personal Loan",6400,36,2.87,662,5300,30,0,0,0.10977701543739279588,"30-59 DPD","Medium Risk"
100978,22,24700,"Retired",6.9,"Unsecured Personal Loan",31900,36,1.55,585,6700,60,0,0,1.2914979757085020,"60-89 DPD","Medium Risk"
100979,46,44500,"Unemployed",12.2,"Unsecured Personal Loan",13500,48,3,835,6500,20,0,0,0.30337078651685393258,"Current","Low Risk"
100980,46,22300,"Retired",NULL,"Unsecured Personal Loan",9300,48,10.2,619,15700,0,1,0,0.41704035874439461883,"Current","High Risk"
100981,42,18200,"Employed",1,"Unsecured Personal Loan",11200,36,10.87,733,11800,20,0,0,0.61538461538461538462,"Current","Low Risk"
100982,28,26500,"Employed",1.6,"Unsecured Personal Loan",21700,24,5.96,765,3900,0,0,0,0.81886792452830188679,"Current","Low Risk"
100983,38,55900,"Unemployed",1.1,"Auto Loan",9400,24,9.55,636,7300,0,1,0,0.16815742397137745975,"Current","High Risk"
100984,38,58500,"Employed",NULL,"Unsecured Personal Loan",8500,48,11.67,763,18300,0,1,0,0.14529914529914529915,"Current","High Risk"
100985,26,NULL,"Employed",1.8,"Unsecured Personal Loan",11700,12,12.86,741,12700,0,1,0,NULL,"Current","High Risk"
100986,53,52200,"Employed",4,"Auto Loan",6600,12,6.76,818,14700,60,0,0,0.12643678160919540230,"60-89 DPD","Medium Risk"
100987,47,47000,"Employed",4.4,"Mortgage",39800,48,0.6,642,12900,0,0,0,0.84680851063829787234,"Current","Medium Risk"
100988,36,26400,"Employed",2.8,"Unsecured Personal Loan",9500,36,5.04,577,30900,0,0,0,0.35984848484848484848,"Current","Medium Risk"
100989,38,45100,"Employed",4.8,"Unsecured Personal Loan",22000,12,6.22,640,11700,90,0,0,0.48780487804878048780,"90+ DPD","High Risk"
100990,40,54200,"Self-Employed",0.4,"Unsecured Personal Loan",15100,24,6.72,697,7600,0,2,0,0.27859778597785977860,"Current","High Risk"
100991,18,53000,"Employed",0.5,"Auto Loan",7400,60,6.94,685,5200,20,0,0,0.13962264150943396226,"Current","Low Risk"
100992,36,65800,"Employed",0.9,"Unsecured Personal Loan",13300,48,10.86,649,11800,0,0,0,0.20212765957446808511,"Current","Medium Risk"
100993,31,51700,"Contract",3.6,"Unsecured Personal Loan",21400,48,11.32,527,1800,0,0,0,0.41392649903288201161,"Current","Medium Risk"
100994,28,216500,"Employed",1.2,"Unsecured Personal Loan",11900,36,6.98,718,8700,60,0,0,0.05496535796766743649,"60-89 DPD","Medium Risk"
100995,35,62000,"Employed",1.7,"Unsecured Personal Loan",27300,36,10.8,838,8600,0,0,0,0.44032258064516129032,"Current","Low Risk"
100996,56,35800,"Contract",2.6,"Unsecured Personal Loan",24700,60,8.57,717,3800,0,0,0,0.68994413407821229050,"Current","Low Risk"
100997,44,23400,"Employed",8.4,"Unsecured Personal Loan",23200,60,7.69,729,5200,0,1,0,0.99145299145299145299,"Current","High Risk"
100998,32,33500,"Employed",0.1,"Mortgage",10100,24,10.22,726,17400,0,2,0,0.30149253731343283582,"Current","High Risk"
100999,44,25000,"Employed",5.2,"Auto Loan",7000,48,7.72,712,11600,0,0,0,0.28000000000000000000,"Current","Low Risk"
