customer_id,age,annual_income_gbp,employment_status,employment_length_years,loan_type,loan_amount_gbp,loan_term_months,interest_rate_pct,credit_score,outstanding_balance_gbp,days_past_due,previous_defaults,default_flag,loan_to_income_ratio,dpd_bucket,risk_bucket,pd_score,ai_risk_bucket
100000,43,73100.0,Employed,1.8,Unsecured Personal Loan,25400,36,5.74,845.0,19000,90,0,0,0.347469220246238,90+ DPD,High Risk,0.07494669958782592,Low Risk
100001,37,57700.0,Employed,4.1,Unsecured Personal Loan,19200,12,5.64,565.0,13100,10,0,0,0.3327556325823223,Current,Medium Risk,0.05904345557101204,Low Risk
100002,44,37400.0,Employed,8.1,Unsecured Personal Loan,53200,24,4.77,639.0,8000,30,1,0,1.4224598930481285,30-59 DPD,High Risk,0.24147062999463484,Medium Risk
100003,53,,Employed,0.7,Mortgage,5500,36,12.55,670.0,5700,0,0,0,,Current,Low Risk,0.05041641177368663,Low Risk
100004,36,51500.0,Contract,4.3,Auto Loan,28400,60,10.03,715.0,8300,0,0,0,0.5514563106796116,Current,Low Risk,0.02937642577065558,Low Risk
100005,36,44200.0,Contract,3.5,Auto Loan,26600,36,7.57,781.0,12300,0,0,1,0.6018099547511312,Current,Low Risk,0.022013697252118183,Low Risk
100006,54,56800.0,Employed,0.8,Unsecured Personal Loan,7500,48,11.55,678.0,7900,0,2,0,0.1320422535211267,Current,High Risk,0.08152571127006245,Low Risk
100007,46,49900.0,Retired,4.9,Unsecured Personal Loan,24400,36,2.96,,12300,10,2,0,0.4889779559118236,Current,High Risk,0.07679615797998289,Low Risk
100008,33,61400.0,Employed,1.6,Unsecured Personal Loan,16300,48,3.51,747.0,13500,0,0,0,0.265472312703583,Current,Low Risk,0.01266238071600522,Low Risk
100009,43,27800.0,Employed,3.3,Auto Loan,11700,36,0.97,740.0,17700,0,1,0,0.4208633093525179,Current,High Risk,0.03074389641655594,Low Risk
100010,33,70200.0,Employed,0.4,Auto Loan,8100,48,5.4,525.0,24300,0,0,0,0.1153846153846153,Current,Medium Risk,0.02443329766869248,Low Risk
100011,33,40100.0,Employed,3.1,Unsecured Personal Loan,8700,36,7.99,680.0,10500,90,0,0,0.2169576059850374,90+ DPD,High Risk,0.22401242239804545,Medium Risk
100012,40,102500.0,Unemployed,1.8,Auto Loan,45700,36,7.81,553.0,4000,0,0,0,0.4458536585365853,Current,Medium Risk,0.03491328925152008,Low Risk
100013,19,25700.0,Unemployed,8.6,Mortgage,13400,36,7.95,627.0,7800,20,0,0,0.5214007782101167,Current,Medium Risk,0.0679498565831093,Low Risk
100014,21,86500.0,Employed,0.3,Unsecured Personal Loan,21400,36,3.27,608.0,10200,20,0,0,0.2473988439306358,Current,Medium Risk,0.026442984156517503,Low Risk
100015,32,40100.0,Employed,2.7,Auto Loan,8300,12,9.91,745.0,2700,0,0,0,0.2069825436408977,Current,Low Risk,0.033632130741274295,Low Risk
100016,28,26200.0,Employed,3.1,Unsecured Personal Loan,8400,12,8.22,689.0,26200,0,3,0,0.3206106870229007,Current,High Risk,0.13879397741211927,Low Risk
100017,41,28500.0,Employed,6.5,Auto Loan,25600,12,9.7,577.0,10900,30,1,0,0.8982456140350877,30-59 DPD,High Risk,0.2966136301064291,Medium Risk
100018,29,30900.0,Employed,4.3,Auto Loan,5900,48,1.82,750.0,12900,0,0,0,0.1909385113268608,Current,Low Risk,0.014785705136858868,Low Risk
100019,24,44900.0,Employed,5.5,Mortgage,10400,24,8.43,565.0,25700,60,0,0,0.2316258351893095,60-89 DPD,Medium Risk,0.16551106522969908,Low Risk
100020,53,47200.0,Contract,7.5,Unsecured Personal Loan,13600,24,3.94,706.0,6400,0,0,0,0.2881355932203389,Current,Low Risk,0.024839829131428223,Low Risk
100021,36,27300.0,Contract,9.9,Unsecured Personal Loan,14300,48,6.31,615.0,14800,0,0,0,0.5238095238095238,Current,Medium Risk,0.043009755212536874,Low Risk
100022,39,35900.0,Employed,1.9,Unsecured Personal Loan,12000,24,9.1,651.0,9200,30,0,0,0.3342618384401114,30-59 DPD,Medium Risk,0.09376458290538255,Low Risk
100023,24,106000.0,Contract,3.9,Unsecured Personal Loan,16900,36,7.77,720.0,8700,30,0,0,0.1594339622641509,30-59 DPD,Medium Risk,0.01695693406322431,Low Risk
100024,33,86100.0,Employed,9.2,Auto Loan,20200,24,4.95,722.0,5800,120,0,0,0.2346109175377468,90+ DPD,High Risk,0.19274248613508424,Low Risk
100025,39,226000.0,Employed,22.8,Mortgage,20800,60,7.52,787.0,31800,10,1,0,0.0920353982300884,Current,High Risk,0.0016050759228738633,Low Risk
100026,26,37000.0,Employed,11.0,Unsecured Personal Loan,7400,48,2.91,673.0,7600,60,0,0,0.2,60-89 DPD,Medium Risk,0.09069199890028234,Low Risk
100027,42,38600.0,Self-Employed,2.3,Unsecured Personal Loan,11300,48,10.95,705.0,16100,30,0,0,0.2927461139896373,30-59 DPD,Medium Risk,0.05810615883666933,Low Risk
100028,32,247000.0,Retired,1.1,Unsecured Personal Loan,27400,36,6.88,645.0,2700,30,0,0,0.1109311740890688,30-59 DPD,Medium Risk,0.002704874938757687,Low Risk
100029,35,21800.0,Self-Employed,3.4,Unsecured Personal Loan,22900,48,10.86,695.0,22600,0,0,0,1.0504587155963303,Current,Low Risk,0.04775264763871506,Low Risk
100030,32,31900.0,Employed,6.8,Unsecured Personal Loan,5900,12,5.92,715.0,20700,0,1,0,0.1849529780564263,Current,High Risk,0.04703047802045455,Low Risk
100031,57,15800.0,Self-Employed,3.4,Unsecured Personal Loan,16500,12,5.93,672.0,10600,60,0,1,1.0443037974683544,60-89 DPD,Medium Risk,0.2006985258767907,Medium Risk
100032,38,44300.0,Employed,3.3,Auto Loan,4100,12,5.21,536.0,8400,0,2,0,0.09255079006772,Current,High Risk,0.12893739295366533,Low Risk
100033,27,50200.0,Contract,9.1,Unsecured Personal Loan,13700,36,10.13,,13100,0,3,0,0.2729083665338645,Current,High Risk,0.1148387663061538,Low Risk
100034,46,28500.0,Employed,2.2,Auto Loan,41700,36,5.37,709.0,49100,0,0,0,1.463157894736842,Current,Low Risk,0.03472351387160467,Low Risk
100035,26,79800.0,Employed,9.8,Auto Loan,7600,36,9.43,626.0,2900,0,0,0,0.0952380952380952,Current,Medium Risk,0.023654582783275643,Low Risk
100036,40,19700.0,Self-Employed,2.6,Unsecured Personal Loan,8100,12,6.35,,17100,0,1,0,0.4111675126903553,Current,High Risk,0.0680434222389009,Low Risk
100037,18,17500.0,Self-Employed,2.0,Auto Loan,21100,36,1.57,798.0,5200,0,3,0,1.2057142857142855,Current,High Risk,0.06803632044783016,Low Risk
100038,25,40600.0,Employed,3.0,Auto Loan,5300,48,5.79,719.0,9800,30,0,0,0.1305418719211822,30-59 DPD,Medium Risk,0.03529241274611227,Low Risk
100039,40,61300.0,Self-Employed,7.2,Auto Loan,9100,36,3.96,662.0,8300,0,1,0,0.1484502446982055,Current,High Risk,0.030051836010717935,Low Risk
100040,45,84300.0,Employed,0.7,Unsecured Personal Loan,19100,48,7.6,589.0,7300,0,1,0,0.2265717674970344,Current,High Risk,0.04736725231870958,Low Risk
100041,40,28900.0,Unemployed,1.1,Unsecured Personal Loan,9100,24,3.93,614.0,9800,0,0,0,0.314878892733564,Current,Medium Risk,0.0373002194864213,Low Risk
100042,37,62300.0,Contract,15.1,Mortgage,11600,48,10.28,784.0,4500,0,0,0,0.1861958266452648,Current,Low Risk,0.016019235154352243,Low Risk
100043,35,35600.0,Contract,1.0,Auto Loan,20900,36,7.23,691.0,20300,0,1,0,0.5870786516853932,Current,High Risk,0.05043516189166614,Low Risk
100044,23,33300.0,Self-Employed,4.2,Unsecured Personal Loan,17200,24,6.97,636.0,2800,10,0,0,0.5165165165165165,Current,Medium Risk,0.05776455921231041,Low Risk
100045,31,56500.0,Employed,4.3,Unsecured Personal Loan,15700,24,9.47,721.0,14400,0,0,0,0.2778761061946902,Current,Low Risk,0.027237947436111593,Low Risk
100046,33,50300.0,Employed,3.4,Unsecured Personal Loan,10900,36,10.39,615.0,7900,60,0,0,0.2166998011928429,60-89 DPD,Medium Risk,0.16862715775144452,Low Risk
100047,49,16500.0,Unemployed,5.2,Unsecured Personal Loan,66800,48,7.44,800.0,4400,0,0,0,4.048484848484849,Current,Low Risk,0.06308408335696511,Low Risk
100048,41,,Employed,1.3,Auto Loan,12400,36,5.19,,11400,0,0,0,,Current,Low Risk,0.030061575303879016,Low Risk
100049,20,72400.0,Employed,4.0,Unsecured Personal Loan,17600,24,2.18,643.0,3300,0,2,0,0.2430939226519337,Current,High Risk,0.04992072883531738,Low Risk
100050,41,26600.0,Employed,2.3,Unsecured Personal Loan,9900,48,5.44,630.0,10200,0,0,0,0.3721804511278195,Current,Medium Risk,0.04058336231326219,Low Risk
100051,34,44300.0,Employed,5.4,Auto Loan,12000,36,5.65,471.0,3700,20,0,0,0.2708803611738148,Current,Medium Risk,0.10958663674628386,Low Risk
100052,31,46500.0,Self-Employed,0.8,Unsecured Personal Loan,7400,36,7.82,561.0,13700,30,0,0,0.1591397849462365,30-59 DPD,Medium Risk,0.07751470884543403,Low Risk
100053,44,41400.0,Employed,4.2,Auto Loan,13100,36,6.46,573.0,5200,0,0,0,0.3164251207729468,Current,Medium Risk,0.052667419962070555,Low Risk
100054,48,27600.0,Unemployed,1.0,Auto Loan,8200,24,9.56,691.0,7200,0,0,0,0.2971014492753623,Current,Low Risk,0.04211965199088874,Low Risk
100055,47,26000.0,Employed,1.6,Unsecured Personal Loan,6800,36,5.66,654.0,12200,0,0,0,0.2615384615384615,Current,Low Risk,0.040871443448132545,Low Risk
100056,30,35900.0,Employed,1.2,Auto Loan,15600,24,7.33,572.0,5800,0,0,1,0.4345403899721448,Current,Medium Risk,0.06268785361619272,Low Risk
100057,35,65300.0,Employed,1.0,Auto Loan,15200,60,11.05,658.0,9500,90,0,0,0.232771822358346,90+ DPD,High Risk,0.1934875146202892,Low Risk
100058,41,47700.0,Employed,8.7,Unsecured Personal Loan,21400,36,8.53,720.0,3400,0,0,0,0.4486373165618448,Current,Low Risk,0.0368914773847647,Low Risk
100059,48,30200.0,Employed,1.7,Unsecured Personal Loan,10300,36,7.32,722.0,15400,10,0,0,0.3410596026490066,Current,Low Risk,0.039971445398535976,Low Risk
100060,33,53400.0,Unemployed,13.1,Auto Loan,17100,36,5.69,528.0,34000,0,2,0,0.3202247191011235,Current,High Risk,0.0903040830806383,Low Risk
100061,36,8700.0,Employed,17.5,Mortgage,18600,60,5.6,670.0,69900,0,0,0,2.1379310344827585,Current,Low Risk,0.02696026509372654,Low Risk
100062,27,64500.0,Contract,4.2,Auto Loan,17400,48,4.95,569.0,10500,0,0,0,0.2697674418604651,Current,Medium Risk,0.025743738240681033,Low Risk
100063,26,15200.0,Employed,,Unsecured Personal Loan,8100,36,5.88,752.0,17200,0,0,1,0.5328947368421052,Current,Low Risk,0.02750520358934167,Low Risk
100064,46,30300.0,Employed,2.3,Auto Loan,14600,48,9.77,743.0,2800,20,0,0,0.4818481848184818,Current,Low Risk,0.05745212747413907,Low Risk
100065,52,20700.0,Unemployed,8.0,Unsecured Personal Loan,16600,36,6.83,608.0,28300,0,0,0,0.8019323671497584,Current,Medium Risk,0.050989801798581584,Low Risk
100066,37,19000.0,Employed,2.3,Auto Loan,13400,36,3.45,619.0,17000,10,0,0,0.7052631578947368,Current,Medium Risk,0.052077178032459835,Low Risk
100067,48,64900.0,Employed,0.5,Auto Loan,3800,24,12.8,643.0,7100,0,0,0,0.0585516178736517,Current,Medium Risk,0.035775237377623094,Low Risk
100068,42,28700.0,Employed,,Auto Loan,14700,36,8.46,500.0,23500,90,1,1,0.5121951219512195,90+ DPD,High Risk,0.5622540446483633,High Risk
100069,32,43200.0,Employed,9.3,Mortgage,50400,24,3.28,707.0,8300,0,2,0,1.1666666666666667,Current,High Risk,0.10824211393322904,Low Risk
100070,42,35500.0,Contract,7.9,Auto Loan,10800,60,6.17,658.0,7200,30,0,0,0.304225352112676,30-59 DPD,Medium Risk,0.05488178339807956,Low Risk
100071,53,46100.0,Employed,1.0,Auto Loan,8600,24,7.83,758.0,13800,20,0,0,0.1865509761388286,Current,Low Risk,0.034946941043668335,Low Risk
100072,38,37700.0,Unemployed,5.6,Unsecured Personal Loan,16700,60,12.61,592.0,4700,90,0,1,0.4429708222811671,90+ DPD,High Risk,0.3752857495115281,Medium Risk
100073,54,19100.0,Contract,1.2,Mortgage,16100,36,4.18,630.0,20200,0,2,0,0.8429319371727748,Current,High Risk,0.1035325291980078,Low Risk
100074,18,59800.0,Employed,1.2,Mortgage,27300,36,10.43,559.0,4700,10,2,0,0.4565217391304347,Current,High Risk,0.17995292567762144,Low Risk
100075,46,28400.0,Contract,10.4,Unsecured Personal Loan,6300,36,11.7,600.0,4700,0,0,0,0.2218309859154929,Current,Medium Risk,0.07182970226217478,Low Risk
100076,39,16700.0,Employed,1.4,Unsecured Personal Loan,20700,12,5.61,585.0,5200,0,0,1,1.2395209580838324,Current,Medium Risk,0.08988247180489453,Low Risk
100077,35,29300.0,Retired,1.5,Unsecured Personal Loan,19000,24,6.67,,16800,0,0,0,0.6484641638225255,Current,Low Risk,0.0393146262726537,Low Risk
100078,39,76900.0,Employed,0.0,Auto Loan,12300,12,4.39,624.0,6400,0,0,0,0.1599479843953185,Current,Medium Risk,0.021563855894935795,Low Risk
100079,18,55600.0,Self-Employed,10.2,Auto Loan,16400,36,6.89,690.0,3900,120,0,0,0.2949640287769784,90+ DPD,High Risk,0.2833334512541953,Medium Risk
100080,36,30500.0,Employed,7.9,Unsecured Personal Loan,24800,36,7.39,650.0,6500,0,0,0,0.8131147540983606,Current,Low Risk,0.06166349924640166,Low Risk
100081,42,,Employed,4.9,Mortgage,22500,48,9.48,578.0,9700,0,0,0,,Current,Medium Risk,0.06864319972306655,Low Risk
100082,53,30900.0,Self-Employed,6.9,Unsecured Personal Loan,6700,24,10.77,667.0,4300,0,2,0,0.2168284789644012,Current,High Risk,0.13310126319480975,Low Risk
100083,33,102600.0,Unemployed,0.8,Auto Loan,21900,24,5.26,728.0,4400,0,3,0,0.2134502923976608,Current,High Risk,0.03506059965309643,Low Risk
100084,30,44000.0,Employed,3.1,Unsecured Personal Loan,12900,36,1.6,583.0,43400,10,0,1,0.2931818181818181,Current,Medium Risk,0.027692877938798276,Low Risk
100085,33,45000.0,Employed,2.2,Unsecured Personal Loan,14000,60,7.44,745.0,5400,0,0,0,0.3111111111111111,Current,Low Risk,0.021564379305032723,Low Risk
100086,47,60800.0,Unemployed,0.5,Unsecured Personal Loan,14000,48,8.38,612.0,7900,0,1,0,0.2302631578947368,Current,High Risk,0.05213274689571217,Low Risk
100087,41,40900.0,Self-Employed,3.3,Unsecured Personal Loan,12200,36,8.25,641.0,7700,0,0,0,0.2982885085574572,Current,Medium Risk,0.03857503845149853,Low Risk
100088,33,31900.0,Retired,12.7,Auto Loan,27300,36,6.52,722.0,7400,60,0,0,0.8557993730407523,60-89 DPD,Medium Risk,0.1318325461914432,Low Risk
100089,43,32900.0,Unemployed,0.2,Auto Loan,12700,12,7.87,627.0,15300,20,0,0,0.3860182370820668,Current,Medium Risk,0.06911196938794073,Low Risk
100090,39,35000.0,Retired,1.7,Unsecured Personal Loan,6800,60,12.05,683.0,19200,90,0,0,0.1942857142857142,90+ DPD,High Risk,0.21949267927179805,Medium Risk
100091,48,35600.0,Unemployed,1.2,Unsecured Personal Loan,10600,36,8.65,655.0,8000,0,0,0,0.297752808988764,Current,Low Risk,0.04114287429783515,Low Risk
100092,31,52300.0,Employed,1.4,Unsecured Personal Loan,14900,24,6.38,690.0,4200,0,0,0,0.2848948374760994,Current,Low Risk,0.029406669684328153,Low Risk
100093,35,37300.0,Employed,12.0,Auto Loan,27900,36,6.0,490.0,24200,0,0,0,0.7479892761394101,Current,Medium Risk,0.08412001063662371,Low Risk
100094,34,,Unemployed,3.2,Auto Loan,19200,12,6.99,534.0,9300,0,0,0,,Current,Medium Risk,0.07017094899668846,Low Risk
100095,23,34900.0,Self-Employed,3.1,Unsecured Personal Loan,8000,60,12.41,729.0,33200,0,0,0,0.2292263610315186,Current,Low Risk,0.022279013439946413,Low Risk
100096,41,37800.0,Employed,7.1,Auto Loan,59300,24,6.95,763.0,2100,10,0,0,1.5687830687830688,Current,Low Risk,0.07748335961207165,Low Risk
100097,41,13400.0,Employed,0.8,Unsecured Personal Loan,15700,36,7.44,607.0,11300,0,1,0,1.171641791044776,Current,High Risk,0.12332274863156693,Low Risk
100098,38,57400.0,Retired,,Mortgage,28700,24,6.05,660.0,37900,0,0,0,0.5,Current,Low Risk,0.023793544548563698,Low Risk
100099,36,43200.0,Employed,2.8,Mortgage,12200,48,10.8,704.0,7700,30,0,0,0.2824074074074074,30-59 DPD,Medium Risk,0.06087994509029721,Low Risk
100100,24,59800.0,Employed,4.5,Auto Loan,18400,48,13.38,735.0,8500,10,0,0,0.3076923076923076,Current,Low Risk,0.03494089876877794,Low Risk
100101,34,8500.0,Employed,38.6,Mortgage,22100,36,8.85,518.0,12200,0,0,1,2.6,Current,Medium Risk,0.15348053775232953,Low Risk
100102,35,103200.0,Employed,7.3,Mortgage,27700,36,7.75,609.0,6700,0,0,0,0.2684108527131782,Current,Medium Risk,0.021515222431441963,Low Risk
100103,30,33900.0,Employed,2.5,Mortgage,25200,48,7.61,653.0,8000,0,0,0,0.743362831858407,Current,Low Risk,0.04770121280453985,Low Risk
100104,36,63200.0,Employed,8.8,Auto Loan,22500,12,0.35,736.0,7800,0,0,0,0.3560126582278481,Current,Low Risk,0.015888034027230376,Low Risk
100105,42,21600.0,Employed,0.9,Unsecured Personal Loan,11100,24,9.74,880.0,6400,0,0,0,0.5138888888888888,Current,Low Risk,0.02412654305272079,Low Risk
100106,57,49300.0,Unemployed,0.2,Unsecured Personal Loan,9500,24,7.9,662.0,23400,0,0,0,0.1926977687626774,Current,Low Risk,0.028204286404260315,Low Risk
100107,40,21400.0,Employed,1.1,Unsecured Personal Loan,16300,60,8.79,567.0,13700,30,0,0,0.7616822429906542,30-59 DPD,Medium Risk,0.13515110570711772,Low Risk
100108,41,26600.0,Contract,2.1,Auto Loan,23400,24,5.37,712.0,11800,20,0,1,0.8796992481203006,Current,Low Risk,0.055755680515621964,Low Risk
100109,37,94600.0,Contract,3.6,Unsecured Personal Loan,11700,48,6.35,786.0,17400,0,0,0,0.1236786469344608,Current,Low Risk,0.00593574221652468,Low Risk
100110,19,33000.0,Employed,4.8,Unsecured Personal Loan,25300,36,6.27,689.0,8200,0,0,0,0.7666666666666666,Current,Low Risk,0.04108465437939142,Low Risk
100111,38,40500.0,Self-Employed,12.1,Unsecured Personal Loan,31900,24,10.56,607.0,5800,0,0,0,0.7876543209876543,Current,Medium Risk,0.08460894463121656,Low Risk
100112,39,56100.0,Employed,3.6,Unsecured Personal Loan,7700,24,6.36,757.0,6500,20,0,0,0.1372549019607843,Current,Low Risk,0.028359112110481005,Low Risk
100113,63,46500.0,Contract,3.5,Auto Loan,8100,24,13.75,733.0,9900,0,0,0,0.1741935483870967,Current,Low Risk,0.0373681142338467,Low Risk
100114,36,39200.0,Employed,,Mortgage,12300,36,8.79,598.0,4700,0,0,0,0.3137755102040816,Current,Medium Risk,0.053194365816933466,Low Risk
100115,41,43600.0,Self-Employed,0.2,Auto Loan,16100,24,3.67,711.0,7000,0,0,0,0.3692660550458715,Current,Low Risk,0.022563752571614797,Low Risk
100116,38,,Self-Employed,4.0,Auto Loan,9800,12,7.11,760.0,6900,0,0,0,,Current,Low Risk,0.024476148259847435,Low Risk
100117,26,35300.0,Employed,2.9,Auto Loan,30100,48,5.54,775.0,43800,20,0,0,0.8526912181303116,Current,Low Risk,0.02632670980164425,Low Risk
100118,49,40200.0,Employed,9.1,Unsecured Personal Loan,17200,60,0.92,675.0,1400,0,0,0,0.4278606965174129,Current,Low Risk,0.025862296011273152,Low Risk
100119,46,61400.0,Self-Employed,0.9,Unsecured Personal Loan,13700,24,12.3,651.0,8700,0,3,0,0.2231270358306188,Current,High Risk,0.14464903042415633,Low Risk
100120,46,63100.0,Unemployed,0.1,Mortgage,5600,24,9.61,778.0,33100,0,1,0,0.0887480190174326,Current,High Risk,0.018055995536326863,Low Risk
100121,29,65700.0,Employed,3.0,Unsecured Personal Loan,6100,12,9.1,583.0,10800,0,0,0,0.0928462709284627,Current,Medium Risk,0.03787896381671642,Low Risk
100122,52,50000.0,Self-Employed,1.4,Unsecured Personal Loan,15800,36,8.0,715.0,16800,30,0,0,0.316,30-59 DPD,Medium Risk,0.045621368737407166,Low Risk
100123,24,20500.0,Employed,0.3,Auto Loan,3700,48,3.35,570.0,10600,30,0,0,0.1804878048780487,30-59 DPD,Medium Risk,0.07741518310978839,Low Risk
100124,44,82200.0,Unemployed,6.4,Unsecured Personal Loan,24500,12,6.05,765.0,6200,0,0,0,0.2980535279805352,Current,Low Risk,0.014553011958581908,Low Risk
100125,60,20500.0,Employed,0.6,Unsecured Personal Loan,12200,24,10.03,659.0,2100,0,0,0,0.5951219512195121,Current,Low Risk,0.08057445946676252,Low Risk
100126,28,42200.0,Contract,4.7,Unsecured Personal Loan,93500,48,4.35,781.0,11400,0,0,0,2.2156398104265405,Current,Low Risk,0.05486929113493268,Low Risk
100127,32,24900.0,Employed,1.6,Unsecured Personal Loan,53400,36,-0.1,719.0,5800,0,1,0,2.144578313253012,Current,High Risk,0.0726349302515151,Low Risk
100128,39,35200.0,Employed,1.0,Unsecured Personal Loan,12000,12,6.82,582.0,5700,0,0,0,0.3409090909090909,Current,Medium Risk,0.06467474567863919,Low Risk
100129,33,42800.0,Employed,2.4,Unsecured Personal Loan,12500,36,7.07,794.0,7000,10,0,0,0.2920560747663551,Current,Low Risk,0.02414465695954168,Low Risk
100130,22,42600.0,Employed,8.1,Auto Loan,24300,24,7.91,804.0,33600,0,0,0,0.5704225352112676,Current,Low Risk,0.018448085273268116,Low Risk
100131,39,44800.0,Employed,2.5,Mortgage,37100,24,9.69,751.0,53300,0,0,0,0.828125,Current,Low Risk,0.027121269833509862,Low Risk
100132,27,81400.0,Employed,6.9,Unsecured Personal Loan,5000,48,9.41,619.0,11500,0,1,0,0.0614250614250614,Current,High Risk,0.034815870649623014,Low Risk
100133,43,45600.0,Contract,0.7,Mortgage,4600,48,8.28,656.0,7100,20,1,0,0.1008771929824561,Current,High Risk,0.06854651859705045,Low Risk
100134,29,32100.0,Employed,,Unsecured Personal Loan,9200,36,11.09,692.0,4300,0,2,0,0.2866043613707165,Current,High Risk,0.11276523256471421,Low Risk
100135,53,58800.0,Employed,1.4,Unsecured Personal Loan,19000,60,2.94,624.0,13700,10,0,0,0.3231292517006802,Current,Medium Risk,0.02847130828697979,Low Risk
100136,30,65800.0,Employed,5.7,Unsecured Personal Loan,18000,36,9.01,815.0,34500,0,0,0,0.2735562310030395,Current,Low Risk,0.01125096209566838,Low Risk
100137,35,19700.0,Employed,4.2,Auto Loan,25400,48,9.38,692.0,8300,0,0,0,1.2893401015228425,Current,Low Risk,0.05844446214164082,Low Risk
100138,46,49000.0,Employed,,Unsecured Personal Loan,6500,36,3.78,464.0,1900,10,0,0,0.1326530612244897,Current,Medium Risk,0.07661107198527145,Low Risk
100139,26,51600.0,Employed,2.4,Auto Loan,3300,48,2.99,707.0,15800,0,0,0,0.063953488372093,Current,Low Risk,0.012508620595894223,Low Risk
100140,40,31300.0,Employed,0.3,Auto Loan,22400,60,5.26,652.0,19700,20,0,0,0.7156549520766773,Current,Low Risk,0.053833579128220746,Low Risk
100141,51,72200.0,Employed,0.1,Auto Loan,8100,12,5.52,674.0,3300,0,0,0,0.1121883656509695,Current,Low Risk,0.02170675700267468,Low Risk
100142,22,33700.0,Employed,8.8,Auto Loan,4000,60,9.76,651.0,11200,0,0,0,0.1186943620178041,Current,Low Risk,0.0355764446006737,Low Risk
100143,40,38700.0,Self-Employed,3.7,Mortgage,14600,48,5.66,745.0,13600,0,0,0,0.3772609819121447,Current,Low Risk,0.018659510494578455,Low Risk
100144,41,33300.0,Employed,7.5,Unsecured Personal Loan,21500,48,4.93,770.0,9400,0,0,0,0.6456456456456456,Current,Low Risk,0.02479924706465193,Low Risk
100145,46,36600.0,Employed,1.3,Unsecured Personal Loan,12400,24,5.67,703.0,5700,0,0,0,0.3387978142076502,Current,Low Risk,0.03458341675776873,Low Risk
100146,26,21000.0,Retired,2.1,Auto Loan,10200,48,10.86,653.0,20200,0,0,0,0.4857142857142857,Current,Low Risk,0.04412374113460194,Low Risk
100147,25,17700.0,Employed,0.2,Auto Loan,12100,48,7.54,677.0,7500,10,0,0,0.6836158192090395,Current,Low Risk,0.05343557695120423,Low Risk
100148,43,80600.0,Self-Employed,16.3,Unsecured Personal Loan,10700,24,6.96,682.0,3500,0,0,0,0.1327543424317617,Current,Low Risk,0.019470883356148716,Low Risk
100149,41,23800.0,Employed,5.5,Unsecured Personal Loan,6000,60,7.17,616.0,2400,0,0,0,0.2521008403361344,Current,Medium Risk,0.049078240933485374,Low Risk
100150,41,22100.0,Unemployed,13.5,Unsecured Personal Loan,8700,12,11.38,726.0,23900,0,3,0,0.3936651583710407,Current,High Risk,0.15487573856092554,Low Risk
100151,41,12400.0,Unemployed,1.5,Unsecured Personal Loan,18300,12,5.25,717.0,15200,0,0,0,1.4758064516129032,Current,Low Risk,0.04128596773280462,Low Risk
100152,31,26400.0,Employed,4.7,Unsecured Personal Loan,16200,36,11.45,803.0,10500,0,0,0,0.6136363636363636,Current,Low Risk,0.0339074829705856,Low Risk
100153,40,,Retired,5.7,Mortgage,14800,36,8.13,780.0,7300,10,0,0,,Current,Low Risk,0.027844278934505202,Low Risk
100154,41,82500.0,Employed,1.9,Auto Loan,7400,36,7.02,625.0,6800,20,1,0,0.0896969696969696,Current,High Risk,0.051145482354971246,Low Risk
100155,31,60200.0,Employed,9.4,Unsecured Personal Loan,12000,12,15.0,746.0,4700,0,0,0,0.1993355481727574,Current,Low Risk,0.038717494056544365,Low Risk
100156,57,25700.0,Unemployed,14.7,Auto Loan,3600,60,4.33,604.0,7300,90,0,1,0.1400778210116731,90+ DPD,High Risk,0.24960936389135846,Medium Risk
100157,43,112000.0,Contract,10.8,Mortgage,14900,12,6.44,736.0,2200,0,0,0,0.1330357142857142,Current,Low Risk,0.009122160293155384,Low Risk
100158,26,59300.0,Employed,6.7,Unsecured Personal Loan,31500,12,3.8,639.0,5900,60,0,0,0.5311973018549747,60-89 DPD,Medium Risk,0.14266982925398822,Low Risk
100159,45,30900.0,Employed,1.6,Unsecured Personal Loan,5500,12,10.36,598.0,8000,10,0,0,0.1779935275080906,Current,Medium Risk,0.09092411708416714,Low Risk
100160,28,10400.0,Employed,1.7,Auto Loan,9400,36,12.57,702.0,15200,10,0,0,0.9038461538461539,Current,Low Risk,0.07245534867513234,Low Risk
100161,46,114200.0,Employed,16.5,Auto Loan,16300,60,12.51,466.0,9600,0,1,0,0.1427320490367775,Current,High Risk,0.06562162062041468,Low Risk
100162,50,18100.0,Unemployed,0.1,Unsecured Personal Loan,28300,36,11.17,540.0,17300,0,1,0,1.56353591160221,Current,High Risk,0.19649750031086097,Low Risk
100163,30,16000.0,Employed,6.3,Mortgage,10200,48,6.91,666.0,25400,0,0,0,0.6375,Current,Low Risk,0.037638325487266026,Low Risk
100164,48,60600.0,Employed,6.1,Unsecured Personal Loan,8800,12,6.4,687.0,20800,10,0,0,0.1452145214521452,Current,Low Risk,0.029591354401653922,Low Risk
100165,42,123000.0,Employed,4.9,Unsecured Personal Loan,4100,36,2.49,,13800,0,0,0,0.0333333333333333,Current,Low Risk,0.005307903950773562,Low Risk
100166,46,72600.0,Employed,23.1,Unsecured Personal Loan,14200,36,13.61,554.0,10000,20,1,0,0.1955922865013774,Current,High Risk,0.1638802346821902,Low Risk
100167,57,48100.0,Employed,1.9,Unsecured Personal Loan,45500,36,8.91,615.0,5000,0,0,0,0.945945945945946,Current,Medium Risk,0.08711975184821587,Low Risk
100168,36,48900.0,Self-Employed,2.1,Auto Loan,15800,12,6.02,711.0,16600,20,3,0,0.3231083844580777,Current,High Risk,0.12936050260077436,Low Risk
100169,30,55600.0,Retired,0.4,Mortgage,13200,36,11.48,727.0,32100,0,0,0,0.237410071942446,Current,Low Risk,0.018368988074301353,Low Risk
100170,29,53100.0,Contract,2.9,Unsecured Personal Loan,16200,36,4.58,679.0,12600,0,0,0,0.3050847457627118,Current,Low Risk,0.02086195970781478,Low Risk
100171,30,41800.0,Employed,1.5,Mortgage,13300,48,8.72,773.0,37900,0,1,0,0.3181818181818181,Current,High Risk,0.025078500394171723,Low Risk
100172,37,38300.0,Contract,2.1,Mortgage,8200,36,6.98,712.0,3400,0,0,0,0.2140992167101827,Current,Low Risk,0.02523890320065726,Low Risk
100173,41,35200.0,Unemployed,9.0,Unsecured Personal Loan,21900,12,9.42,620.0,4400,0,0,0,0.6221590909090909,Current,Medium Risk,0.0711401979415297,Low Risk
100174,41,24900.0,Unemployed,13.7,Auto Loan,15300,36,7.31,658.0,18000,20,0,0,0.6144578313253012,Current,Low Risk,0.0660623357199322,Low Risk
100175,46,31600.0,Employed,1.0,Unsecured Personal Loan,13500,24,3.15,568.0,11900,0,0,0,0.4272151898734177,Current,Medium Risk,0.05265851998099896,Low Risk
100176,38,15600.0,Employed,,Auto Loan,7400,48,7.73,671.0,24800,0,0,0,0.4743589743589743,Current,Low Risk,0.03895707496698363,Low Risk
100177,53,34600.0,Employed,,Unsecured Personal Loan,29200,36,10.65,769.0,9800,30,0,0,0.8439306358381502,30-59 DPD,Medium Risk,0.08256613106677302,Low Risk
100178,35,,Employed,0.3,Auto Loan,19900,24,7.41,735.0,5400,0,0,1,,Current,Low Risk,0.03412092245677473,Low Risk
100179,65,20900.0,Employed,0.5,Unsecured Personal Loan,9600,60,9.83,792.0,8500,60,3,0,0.4593301435406698,60-89 DPD,High Risk,0.3548068573271545,Medium Risk
100180,44,39700.0,Employed,0.9,Mortgage,24400,36,4.36,656.0,3400,120,3,1,0.614609571788413,90+ DPD,High Risk,0.7171622958359811,High Risk
100181,29,72800.0,Employed,4.5,Mortgage,9900,12,7.42,788.0,4500,0,0,0,0.1359890109890109,Current,Low Risk,0.013217171861818644,Low Risk
100182,27,57500.0,Unemployed,0.8,Unsecured Personal Loan,8400,36,5.63,665.0,19500,0,0,0,0.1460869565217391,Current,Low Risk,0.016920757324189434,Low Risk
100183,43,16600.0,Employed,17.2,Unsecured Personal Loan,8500,24,9.74,798.0,18200,0,0,0,0.5120481927710843,Current,Low Risk,0.03636176311439952,Low Risk
100184,36,22100.0,Employed,3.0,Unsecured Personal Loan,4600,48,7.59,678.0,12800,20,0,0,0.2081447963800904,Current,Low Risk,0.05812191038009557,Low Risk
100185,45,58100.0,Retired,3.5,Auto Loan,17700,48,9.57,737.0,3000,0,0,0,0.3046471600688468,Current,Low Risk,0.022511779716872023,Low Risk
100186,43,22200.0,Contract,1.4,Unsecured Personal Loan,4500,60,10.76,798.0,7700,0,2,0,0.2027027027027027,Current,High Risk,0.059132677092138264,Low Risk
100187,37,32500.0,Unemployed,3.2,Auto Loan,6400,36,9.57,665.0,4200,20,2,0,0.1969230769230769,Current,High Risk,0.14172020823673728,Low Risk
100188,30,47800.0,Retired,5.4,Unsecured Personal Loan,3800,36,8.32,,22600,0,0,0,0.0794979079497907,Current,Low Risk,0.021800336941302987,Low Risk
100189,23,22400.0,Employed,7.0,Unsecured Personal Loan,12700,48,4.51,783.0,6600,30,0,0,0.5669642857142857,30-59 DPD,Medium Risk,0.04011845578059046,Low Risk
100190,34,38300.0,Retired,7.0,Unsecured Personal Loan,12200,12,7.49,669.0,4600,10,0,0,0.3185378590078328,Current,Low Risk,0.05254455210298539,Low Risk
100191,47,18600.0,Employed,,Unsecured Personal Loan,11000,36,5.9,574.0,10100,0,0,0,0.5913978494623655,Current,Medium Risk,0.06971264242455683,Low Risk
100192,40,26900.0,Employed,11.7,Auto Loan,7100,36,6.47,851.0,6300,30,0,0,0.2639405204460966,30-59 DPD,Medium Risk,0.03292903518014657,Low Risk
100193,26,42600.0,Employed,8.5,Mortgage,6600,12,6.38,642.0,28000,10,0,0,0.1549295774647887,Current,Medium Risk,0.03525961190426453,Low Risk
100194,40,16400.0,Employed,7.1,Unsecured Personal Loan,17700,36,4.56,693.0,5900,0,1,0,1.079268292682927,Current,High Risk,0.07610241192572613,Low Risk
100195,42,45300.0,Employed,0.3,Auto Loan,9600,48,1.63,772.0,3700,0,0,0,0.2119205298013245,Current,Low Risk,0.012629552730799663,Low Risk
100196,29,36000.0,Self-Employed,0.0,Unsecured Personal Loan,16200,48,5.5,,2200,0,2,0,0.45,Current,High Risk,0.07401931912101356,Low Risk
100197,40,47900.0,Unemployed,1.2,Auto Loan,7900,12,8.08,599.0,9700,0,0,0,0.1649269311064718,Current,Medium Risk,0.03950596096244205,Low Risk
100198,39,40600.0,Self-Employed,5.4,Unsecured Personal Loan,14900,12,3.46,700.0,6700,90,0,1,0.3669950738916256,90+ DPD,High Risk,0.1936875994879918,Low Risk
100199,27,71800.0,Employed,2.6,Auto Loan,29200,24,7.55,537.0,3600,0,1,0,0.4066852367688022,Current,High Risk,0.09287469052092563,Low Risk
100200,42,38700.0,Contract,2.6,Mortgage,19000,48,13.2,657.0,22800,10,1,0,0.4909560723514211,Current,High Risk,0.09290461650784966,Low Risk
100201,44,29300.0,Self-Employed,10.8,Unsecured Personal Loan,10400,12,10.57,700.0,15800,0,0,0,0.3549488054607508,Current,Low Risk,0.048946433139318304,Low Risk
100202,49,38600.0,Employed,11.3,Auto Loan,15600,48,12.43,658.0,9700,0,0,0,0.4041450777202072,Current,Low Risk,0.05901432687748428,Low Risk
100203,49,47700.0,Self-Employed,12.0,Unsecured Personal Loan,11600,12,8.67,557.0,25700,60,2,0,0.2431865828092243,60-89 DPD,High Risk,0.40733771168692234,High Risk
100204,24,37200.0,Employed,1.9,Unsecured Personal Loan,13400,36,11.0,808.0,15700,30,0,0,0.3602150537634408,30-59 DPD,Medium Risk,0.04236497878537348,Low Risk
100205,29,37100.0,Employed,5.9,Unsecured Personal Loan,11000,24,5.33,688.0,5600,0,0,0,0.2964959568733153,Current,Low Risk,0.033304174942313435,Low Risk
100206,43,25600.0,Contract,1.6,Unsecured Personal Loan,12100,48,5.57,794.0,4800,0,0,0,0.47265625,Current,Low Risk,0.020314431852177215,Low Risk
100207,43,26100.0,Employed,1.1,Unsecured Personal Loan,15200,24,-0.72,659.0,17500,0,1,0,0.582375478927203,Current,High Risk,0.04843010775817708,Low Risk
100208,43,18000.0,Employed,1.0,Unsecured Personal Loan,7400,36,11.06,610.0,13100,0,1,0,0.4111111111111111,Current,High Risk,0.12643414801365868,Low Risk
100209,75,87100.0,Contract,2.1,Unsecured Personal Loan,7300,24,12.12,702.0,11100,0,2,1,0.0838117106773823,Current,High Risk,0.05226242977646265,Low Risk
100210,44,19500.0,Unemployed,2.8,Unsecured Personal Loan,23200,48,5.84,663.0,5500,0,0,0,1.1897435897435895,Current,Low Risk,0.04890393307968101,Low Risk
100211,49,25700.0,Employed,8.9,Auto Loan,5100,48,6.74,586.0,15100,90,0,0,0.1984435797665369,90+ DPD,High Risk,0.3212258385287821,Medium Risk
100212,48,25400.0,Employed,0.6,Mortgage,6400,12,5.24,798.0,5800,0,0,0,0.2519685039370078,Current,Low Risk,0.023803129669067082,Low Risk
100213,45,56800.0,Employed,6.6,Unsecured Personal Loan,14700,48,8.65,630.0,9200,30,1,0,0.2588028169014084,30-59 DPD,High Risk,0.11742295548370912,Low Risk
100214,35,31300.0,Self-Employed,3.8,Unsecured Personal Loan,7800,36,10.87,533.0,27300,10,0,0,0.2492012779552715,Current,Medium Risk,0.08043128559191488,Low Risk
100215,46,67800.0,Employed,1.7,Unsecured Personal Loan,18200,12,2.27,786.0,6200,0,0,0,0.2684365781710914,Current,Low Risk,0.013080122974884423,Low Risk
100216,30,25900.0,Employed,3.4,Mortgage,13600,36,8.73,640.0,3300,30,0,0,0.525096525096525,30-59 DPD,Medium Risk,0.10368349452556308,Low Risk
100217,36,41800.0,Retired,1.8,Auto Loan,4100,24,6.67,631.0,4700,0,0,0,0.0980861244019138,Current,Medium Risk,0.03174060103188018,Low Risk
100218,33,23900.0,Employed,4.5,Unsecured Personal Loan,19800,48,7.84,539.0,19900,30,1,0,0.8284518828451882,30-59 DPD,High Risk,0.23413999691753754,Medium Risk
100219,39,106100.0,Employed,2.8,Unsecured Personal Loan,21700,48,8.88,819.0,11800,0,0,0,0.2045240339302544,Current,Low Risk,0.007163706595861581,Low Risk
100220,61,20100.0,Employed,0.9,Unsecured Personal Loan,7400,12,6.94,577.0,9000,0,3,0,0.3681592039800995,Current,High Risk,0.27946812966445567,Medium Risk
100221,19,42400.0,Self-Employed,0.6,Unsecured Personal Loan,17200,36,7.19,685.0,6900,30,0,0,0.4056603773584905,30-59 DPD,Medium Risk,0.053931097831332916,Low Risk
100222,45,49900.0,Employed,4.0,Mortgage,8000,48,6.86,753.0,13900,0,2,0,0.1603206412825651,Current,High Risk,0.041379206297538065,Low Risk
100223,22,44700.0,Employed,,Mortgage,14200,60,10.41,714.0,5500,30,1,0,0.3176733780760626,30-59 DPD,High Risk,0.08771506094264467,Low Risk
100224,33,33100.0,Contract,2.1,Unsecured Personal Loan,6300,36,8.76,675.0,12300,60,0,0,0.1903323262839879,60-89 DPD,Medium Risk,0.12299817170572483,Low Risk
100225,49,34000.0,Employed,6.6,Auto Loan,4600,60,8.16,544.0,5900,0,3,0,0.1352941176470588,Current,High Risk,0.20845254784759057,Medium Risk
100226,39,37100.0,Employed,5.4,Unsecured Personal Loan,10600,36,3.69,615.0,5300,0,0,0,0.2857142857142857,Current,Medium Risk,0.03785056428037088,Low Risk
100227,27,33700.0,Employed,13.4,Unsecured Personal Loan,12400,24,6.36,695.0,6300,0,1,0,0.3679525222551928,Current,High Risk,0.06313172300921976,Low Risk
100228,31,58800.0,Employed,,Mortgage,10500,48,10.2,617.0,7600,0,1,1,0.1785714285714285,Current,High Risk,0.05785759585226794,Low Risk
100229,45,109700.0,Employed,4.2,Auto Loan,6600,36,7.61,696.0,9600,20,1,0,0.0601640838650865,Current,High Risk,0.024127412746638106,Low Risk
100230,31,27500.0,Employed,5.4,Unsecured Personal Loan,10500,36,9.48,735.0,11700,0,0,0,0.3818181818181818,Current,Low Risk,0.03603717096921963,Low Risk
100231,40,,Employed,11.4,Unsecured Personal Loan,15700,36,12.8,757.0,700,0,0,0,,Current,Low Risk,0.0463248577810811,Low Risk
100232,38,34700.0,Employed,2.6,Mortgage,13000,48,10.62,582.0,5600,10,0,0,0.3746397694524495,Current,Medium Risk,0.08025456316132862,Low Risk
100233,31,131900.0,Contract,2.0,Auto Loan,14900,48,7.78,856.0,7500,0,0,0,0.112964366944655,Current,Low Risk,0.0026804782227565203,Low Risk
100234,59,24300.0,Retired,0.1,Unsecured Personal Loan,8900,36,5.97,741.0,28400,20,1,0,0.3662551440329218,Current,High Risk,0.05899772260645515,Low Risk
100235,44,82400.0,Unemployed,8.8,Unsecured Personal Loan,27000,24,-0.16,680.0,4600,0,1,0,0.3276699029126213,Current,High Risk,0.0233467257760505,Low Risk
100236,18,84000.0,Contract,8.1,Unsecured Personal Loan,6600,36,6.99,767.0,11100,60,2,0,0.0785714285714285,60-89 DPD,High Risk,0.08220401000631422,Low Risk
100237,40,27500.0,Employed,0.6,Mortgage,17900,36,6.52,869.0,28200,0,0,0,0.6509090909090909,Current,Low Risk,0.014113228597627087,Low Risk
100238,31,48300.0,Retired,4.3,Auto Loan,108800,24,8.67,565.0,3900,0,1,0,2.2525879917184266,Current,High Risk,0.35610575926367216,Medium Risk
100239,47,82000.0,Employed,3.1,Unsecured Personal Loan,17800,48,7.04,662.0,13000,0,2,0,0.2170731707317073,Current,High Risk,0.04808457204563232,Low Risk
100240,30,30000.0,Retired,0.6,Auto Loan,11800,36,6.54,,5600,0,1,0,0.3933333333333333,Current,High Risk,0.054077805365991966,Low Risk
100241,37,32800.0,Retired,19.7,Auto Loan,9700,24,2.16,,7000,90,0,0,0.2957317073170731,90+ DPD,High Risk,0.19453354056365962,Low Risk
100242,43,27200.0,Unemployed,,Unsecured Personal Loan,24900,12,4.68,709.0,5600,0,0,0,0.9154411764705882,Current,Low Risk,0.04190636582177081,Low Risk
100243,47,21900.0,Retired,0.3,Unsecured Personal Loan,5700,24,8.93,677.0,5900,20,0,0,0.2602739726027397,Current,Low Risk,0.0750104064288821,Low Risk
100244,26,26200.0,Self-Employed,,Auto Loan,7500,60,12.65,628.0,66500,0,0,0,0.2862595419847328,Current,Medium Risk,0.026600037828758864,Low Risk
100245,35,19700.0,Employed,6.7,Auto Loan,10500,24,7.21,516.0,17900,0,0,0,0.532994923857868,Current,Medium Risk,0.08853458947082417,Low Risk
100246,33,36900.0,Employed,0.2,Auto Loan,28100,24,8.48,710.0,21400,0,3,0,0.7615176151761517,Current,High Risk,0.1412324292458911,Low Risk
100247,31,24700.0,Self-Employed,5.4,Mortgage,16800,36,10.36,796.0,14000,0,0,0,0.680161943319838,Current,Low Risk,0.02758578169689245,Low Risk
100248,56,204000.0,Employed,3.8,Unsecured Personal Loan,7500,24,5.07,633.0,3200,0,0,0,0.0367647058823529,Current,Medium Risk,0.00253966958647198,Low Risk
100249,42,16700.0,Self-Employed,0.5,Unsecured Personal Loan,11100,12,8.6,715.0,13000,0,0,0,0.6646706586826348,Current,Low Risk,0.04689595665418821,Low Risk
100250,25,42800.0,Retired,0.9,Mortgage,9200,24,5.28,555.0,21000,60,1,0,0.2149532710280373,60-89 DPD,High Risk,0.21549089484824976,Medium Risk
100251,47,55100.0,Employed,4.2,Unsecured Personal Loan,8700,36,10.09,717.0,5400,0,2,0,0.1578947368421052,Current,High Risk,0.07111923006269265,Low Risk
100252,59,,Unemployed,1.8,Auto Loan,24000,36,7.95,649.0,19500,0,1,0,,Current,High Risk,0.07236554472564365,Low Risk
100253,48,43800.0,Contract,13.9,Auto Loan,5900,24,8.4,619.0,16200,0,0,0,0.1347031963470319,Current,Medium Risk,0.038639973414344095,Low Risk
100254,23,67100.0,Contract,8.5,Auto Loan,35100,36,5.15,619.0,36200,0,0,0,0.5230998509687034,Current,Medium Risk,0.022401143790732464,Low Risk
100255,33,19800.0,Retired,20.5,Unsecured Personal Loan,22000,60,9.62,649.0,7400,60,1,1,1.1111111111111112,60-89 DPD,High Risk,0.33488103008493375,Medium Risk
100256,51,83800.0,Employed,1.5,Auto Loan,25700,24,13.75,711.0,4600,0,0,0,0.3066825775656324,Current,Low Risk,0.033559766369495626,Low Risk
100257,31,44800.0,Retired,17.5,Mortgage,10100,24,4.48,,7700,0,0,0,0.2254464285714285,Current,Low Risk,0.02553041559918903,Low Risk
100258,42,25500.0,Unemployed,2.8,Auto Loan,12200,24,6.48,648.0,27000,0,0,0,0.4784313725490196,Current,Medium Risk,0.03439274765638098,Low Risk
100259,46,,Employed,,Unsecured Personal Loan,5700,36,8.19,,2800,0,0,0,,Current,Low Risk,0.038872114559354604,Low Risk
100260,29,48000.0,Employed,0.3,Unsecured Personal Loan,9800,48,9.86,592.0,2300,0,0,0,0.2041666666666666,Current,Medium Risk,0.04668038283158022,Low Risk
100261,37,37700.0,Unemployed,0.3,Unsecured Personal Loan,18000,24,5.82,824.0,10500,10,0,0,0.4774535809018567,Current,Low Risk,0.020694192302574285,Low Risk
100262,18,47500.0,Employed,5.9,Unsecured Personal Loan,29100,48,-1.0,612.0,7300,0,0,0,0.6126315789473684,Current,Medium Risk,0.026499427392217646,Low Risk
100263,28,22900.0,Self-Employed,3.1,Unsecured Personal Loan,6900,12,11.58,626.0,10000,0,0,0,0.3013100436681222,Current,Medium Risk,0.06725139739222846,Low Risk
100264,35,39500.0,Self-Employed,1.3,Mortgage,10700,36,9.78,602.0,19200,20,0,0,0.270886075949367,Current,Medium Risk,0.06306693760402053,Low Risk
100265,26,17900.0,Employed,4.8,Auto Loan,12200,48,2.27,824.0,6700,0,0,0,0.6815642458100558,Current,Low Risk,0.015592499225085892,Low Risk
100266,54,34400.0,Self-Employed,1.5,Auto Loan,5800,24,5.68,724.0,2700,30,0,0,0.1686046511627906,30-59 DPD,Medium Risk,0.04907520105771314,Low Risk
100267,24,23100.0,Unemployed,4.3,Auto Loan,19000,36,12.2,605.0,41400,0,0,0,0.8225108225108225,Current,Medium Risk,0.053102908300961246,Low Risk
100268,34,25100.0,Employed,2.2,Unsecured Personal Loan,8700,24,11.84,768.0,4900,30,0,0,0.346613545816733,30-59 DPD,Medium Risk,0.07636297075488663,Low Risk
100269,39,67400.0,Employed,8.7,Mortgage,11900,48,10.32,696.0,4700,0,0,0,0.1765578635014836,Current,Low Risk,0.02434231387635317,Low Risk
100270,52,62700.0,Employed,8.6,Unsecured Personal Loan,10200,12,6.97,701.0,21400,0,0,0,0.1626794258373205,Current,Low Risk,0.02357792058102217,Low Risk
100271,24,49200.0,Employed,3.2,Unsecured Personal Loan,8300,48,7.75,652.0,7600,0,0,0,0.1686991869918699,Current,Low Risk,0.029298477046454163,Low Risk
100272,50,21000.0,Contract,2.2,Unsecured Personal Loan,13300,24,7.11,620.0,9500,0,0,0,0.6333333333333333,Current,Medium Risk,0.060157357781736816,Low Risk
100273,38,31000.0,Employed,2.3,Mortgage,11700,48,10.88,707.0,13900,0,1,0,0.3774193548387096,Current,High Risk,0.061636109214791665,Low Risk
100274,28,66600.0,Self-Employed,8.2,Mortgage,10700,24,4.87,636.0,21100,0,0,0,0.1606606606606606,Current,Medium Risk,0.01695988959098265,Low Risk
100275,43,,Employed,2.0,Unsecured Personal Loan,8600,48,5.08,825.0,7800,0,0,0,,Current,Low Risk,0.014131064962733074,Low Risk
100276,40,115800.0,Employed,1.2,Mortgage,16200,24,10.53,578.0,28700,0,0,0,0.1398963730569948,Current,Medium Risk,0.016686064902312076,Low Risk
100277,32,44200.0,Contract,0.4,Unsecured Personal Loan,36000,60,7.37,803.0,2200,0,3,0,0.8144796380090497,Current,High Risk,0.08202001446624903,Low Risk
100278,39,40000.0,Unemployed,3.1,Unsecured Personal Loan,14500,12,11.64,671.0,16800,20,0,0,0.3625,Current,Low Risk,0.07342493766872563,Low Risk
100279,34,31100.0,Employed,3.3,Mortgage,24300,24,5.49,704.0,5500,10,0,0,0.7813504823151125,Current,Low Risk,0.05099426619142085,Low Risk
100280,39,38800.0,Employed,9.2,Mortgage,5800,36,7.34,747.0,25900,0,0,0,0.1494845360824742,Current,Low Risk,0.019433598107449598,Low Risk
100281,45,33600.0,Employed,1.3,Auto Loan,14700,12,4.73,,10900,0,1,0,0.4375,Current,High Risk,0.06316271883903238,Low Risk
100282,54,51700.0,Employed,2.4,Auto Loan,6900,24,7.52,749.0,6200,0,1,1,0.1334622823984526,Current,High Risk,0.03684136117178936,Low Risk
100283,26,58600.0,Self-Employed,8.3,Mortgage,5500,60,3.06,,15700,0,0,0,0.0938566552901023,Current,Low Risk,0.011325719500826057,Low Risk
100284,59,24500.0,Employed,8.7,Auto Loan,8600,60,6.04,622.0,18500,30,0,0,0.3510204081632653,30-59 DPD,Medium Risk,0.07941257239255292,Low Risk
100285,18,18700.0,Employed,2.4,Mortgage,27300,24,3.19,606.0,15500,0,0,0,1.4598930481283423,Current,Medium Risk,0.05410748446963018,Low Risk
100286,36,14500.0,Employed,3.1,Auto Loan,23600,60,9.58,580.0,4800,0,2,1,1.6275862068965516,Current,High Risk,0.2179274122107615,Medium Risk
100287,44,46800.0,Contract,1.8,Mortgage,15500,36,9.65,663.0,7100,10,0,0,0.3311965811965811,Current,Low Risk,0.04655141568733607,Low Risk
100288,41,20900.0,Retired,13.5,Mortgage,5300,24,2.31,711.0,9900,0,0,0,0.2535885167464114,Current,Low Risk,0.025664181880766447,Low Risk
100289,32,12400.0,Employed,0.6,Unsecured Personal Loan,11900,48,11.5,736.0,9600,30,2,1,0.9596774193548387,30-59 DPD,High Risk,0.21023504687839467,Medium Risk
100290,36,44100.0,Unemployed,,Mortgage,16000,36,14.99,699.0,16700,30,2,0,0.3628117913832199,30-59 DPD,High Risk,0.17981314637697707,Low Risk
100291,33,,Employed,5.8,Unsecured Personal Loan,14800,60,7.64,627.0,2400,0,3,0,,Current,High Risk,0.16023085116067887,Low Risk
100292,32,36200.0,Employed,3.8,Unsecured Personal Loan,4400,24,5.58,710.0,12500,0,1,0,0.1215469613259668,Current,High Risk,0.04233747180354082,Low Risk
100293,46,55200.0,Unemployed,0.2,Auto Loan,7800,36,15.97,690.0,8100,0,3,0,0.1413043478260869,Current,High Risk,0.13353727714748478,Low Risk
100294,42,37800.0,Contract,3.2,Unsecured Personal Loan,12900,12,3.54,755.0,5500,0,0,0,0.3412698412698412,Current,Low Risk,0.022183133756973072,Low Risk
100295,31,34600.0,Retired,2.6,Auto Loan,18400,12,7.56,742.0,5900,0,1,0,0.5317919075144508,Current,High Risk,0.052888032779110514,Low Risk
100296,47,57500.0,Self-Employed,0.9,Mortgage,3600,12,8.04,,8500,10,1,0,0.0626086956521739,Current,High Risk,0.05042822556647288,Low Risk
100297,41,,Employed,5.3,Unsecured Personal Loan,12100,60,11.54,608.0,800,0,0,0,,Current,Medium Risk,0.06148525255932172,Low Risk
100298,46,41500.0,Unemployed,17.7,Unsecured Personal Loan,14600,48,8.58,628.0,6100,0,0,0,0.3518072289156626,Current,Medium Risk,0.04415850120225359,Low Risk
100299,44,42700.0,Employed,4.1,Mortgage,22200,48,6.0,636.0,5400,0,3,0,0.5199063231850117,Current,High Risk,0.14925849900110869,Low Risk
100300,30,26000.0,Self-Employed,6.3,Unsecured Personal Loan,20200,36,4.65,655.0,14400,20,0,0,0.7769230769230769,Current,Low Risk,0.060789374787554716,Low Risk
100301,32,59600.0,Employed,0.4,Unsecured Personal Loan,18900,24,6.47,701.0,5600,0,1,0,0.3171140939597315,Current,High Risk,0.0432200625387462,Low Risk
100302,45,33300.0,Self-Employed,2.7,Unsecured Personal Loan,8300,24,4.48,737.0,8500,30,0,0,0.2492492492492492,30-59 DPD,Medium Risk,0.04287631304223873,Low Risk
100303,44,,Employed,0.6,Auto Loan,4300,24,7.64,676.0,29100,0,0,0,,Current,Low Risk,0.02801748905855947,Low Risk
100304,38,47500.0,Employed,4.7,Auto Loan,10600,24,5.81,681.0,19900,0,0,0,0.2231578947368421,Current,Low Risk,0.025365354226418675,Low Risk
100305,39,23200.0,Contract,13.9,Mortgage,24400,48,3.02,691.0,18600,30,0,0,1.0517241379310345,30-59 DPD,Medium Risk,0.05596112779385771,Low Risk
100306,51,36800.0,Employed,5.4,Unsecured Personal Loan,30800,36,11.27,639.0,7000,30,0,0,0.8369565217391304,30-59 DPD,Medium Risk,0.15373363039128923,Low Risk
100307,32,36200.0,Employed,0.4,Mortgage,20500,12,6.01,606.0,14500,0,0,0,0.5662983425414364,Current,Medium Risk,0.05174747884165849,Low Risk
100308,43,62500.0,Employed,2.2,Auto Loan,17300,12,3.7,540.0,8400,0,0,0,0.2768,Current,Medium Risk,0.04288944933416192,Low Risk
100309,36,46000.0,Employed,4.0,Unsecured Personal Loan,16800,12,7.0,624.0,8600,20,0,0,0.3652173913043478,Current,Medium Risk,0.07365096183924169,Low Risk
100310,36,179500.0,Employed,2.6,Auto Loan,9600,36,7.71,718.0,13200,0,0,0,0.0534818941504178,Current,Low Risk,0.002444209273725618,Low Risk
100311,49,54700.0,Employed,9.0,Auto Loan,12400,60,2.26,624.0,6500,0,0,0,0.2266910420475319,Current,Medium Risk,0.02210440062532095,Low Risk
100312,46,72800.0,Contract,8.4,Auto Loan,36400,36,8.49,661.0,28100,60,1,0,0.5,60-89 DPD,High Risk,0.1722207045915766,Low Risk
100313,46,48000.0,Employed,,Unsecured Personal Loan,7600,48,4.36,717.0,8800,0,0,0,0.1583333333333333,Current,Low Risk,0.01888947443763362,Low Risk
100314,51,36500.0,Retired,2.3,Unsecured Personal Loan,35200,36,12.63,722.0,15300,0,0,0,0.9643835616438357,Current,Low Risk,0.057829869257567675,Low Risk
100315,38,18800.0,Self-Employed,1.5,Unsecured Personal Loan,11000,24,9.07,594.0,27400,0,0,1,0.5851063829787234,Current,Medium Risk,0.06028751027112106,Low Risk
100316,45,21300.0,Employed,0.6,Unsecured Personal Loan,29600,12,6.3,760.0,20400,0,0,0,1.3896713615023475,Current,Low Risk,0.0429341137567935,Low Risk
100317,35,31200.0,Self-Employed,2.2,Auto Loan,5700,48,5.26,770.0,3700,10,0,0,0.1826923076923076,Current,Low Risk,0.021277533002587775,Low Risk
100318,41,26800.0,Employed,2.7,Unsecured Personal Loan,19000,48,7.19,590.0,13500,0,0,0,0.708955223880597,Current,Medium Risk,0.061659585058642205,Low Risk
100319,37,33100.0,Unemployed,5.6,Auto Loan,8600,24,9.34,614.0,18000,0,1,0,0.2598187311178247,Current,High Risk,0.07724418806994218,Low Risk
100320,39,37400.0,Employed,5.4,Unsecured Personal Loan,5700,36,7.42,775.0,18500,0,2,0,0.1524064171122994,Current,High Risk,0.04886816869937681,Low Risk
100321,44,47300.0,Employed,0.4,Unsecured Personal Loan,15200,36,6.85,668.0,4500,10,1,1,0.321353065539112,Current,High Risk,0.07262224478055182,Low Risk
100322,30,35100.0,Contract,2.5,Auto Loan,24500,36,7.68,502.0,6200,0,0,0,0.698005698005698,Current,Medium Risk,0.0863161069109113,Low Risk
100323,59,46300.0,Contract,1.0,Unsecured Personal Loan,8000,60,5.69,568.0,19900,60,0,0,0.1727861771058315,60-89 DPD,Medium Risk,0.12171776795156469,Low Risk
100324,28,37500.0,Contract,0.9,Mortgage,5400,36,6.47,660.0,5800,0,0,0,0.144,Current,Low Risk,0.027785105599552964,Low Risk
100325,26,13500.0,Employed,8.8,Unsecured Personal Loan,12600,36,1.24,587.0,8000,120,0,1,0.9333333333333332,90+ DPD,High Risk,0.4858250889611089,High Risk
100326,50,22700.0,Unemployed,0.2,Unsecured Personal Loan,12700,12,10.42,647.0,29800,0,3,1,0.5594713656387665,Current,High Risk,0.19244855215126136,Low Risk
100327,46,33800.0,Employed,2.7,Mortgage,18600,12,8.4,683.0,9600,20,0,0,0.5502958579881656,Current,Low Risk,0.0800724866509367,Low Risk
100328,44,19800.0,Employed,0.9,Auto Loan,23600,24,5.18,797.0,6000,0,0,1,1.191919191919192,Current,Low Risk,0.03189727623870518,Low Risk
100329,44,49000.0,Employed,10.6,Unsecured Personal Loan,12900,12,13.2,657.0,5400,0,0,0,0.2632653061224489,Current,Low Risk,0.06696286645980214,Low Risk
100330,38,78100.0,Self-Employed,4.1,Unsecured Personal Loan,40700,48,7.76,766.0,12500,30,1,1,0.5211267605633803,30-59 DPD,High Risk,0.05575664345364343,Low Risk
100331,29,66800.0,Employed,1.3,Auto Loan,15300,48,4.39,794.0,3900,30,1,0,0.2290419161676646,30-59 DPD,High Risk,0.03288570375280239,Low Risk
100332,39,32600.0,Employed,3.5,Mortgage,10900,12,10.07,795.0,8300,0,0,0,0.3343558282208588,Current,Low Risk,0.030746008674492006,Low Risk
100333,31,76500.0,Contract,6.6,Mortgage,5100,48,8.69,703.0,12500,10,2,0,0.0666666666666666,Current,High Risk,0.03891019909467993,Low Risk
100334,48,39100.0,Employed,15.9,Unsecured Personal Loan,11400,24,8.68,523.0,24600,0,0,0,0.2915601023017902,Current,Medium Risk,0.07817215450606231,Low Risk
100335,37,30700.0,Employed,1.2,Mortgage,10900,24,6.22,717.0,15800,30,2,0,0.3550488599348534,30-59 DPD,High Risk,0.13470692304835197,Low Risk
100336,30,26700.0,Employed,10.9,Unsecured Personal Loan,23800,24,8.85,764.0,6000,0,2,0,0.8913857677902621,Current,High Risk,0.10838719970746048,Low Risk
100337,35,,Contract,13.6,Unsecured Personal Loan,17600,24,6.71,674.0,22600,0,1,0,,Current,High Risk,0.05771853039841352,Low Risk
100338,42,29900.0,Employed,12.4,Mortgage,6600,24,9.17,820.0,8000,0,0,0,0.2207357859531772,Current,Low Risk,0.024952505515363276,Low Risk
100339,32,39500.0,Employed,5.0,Unsecured Personal Loan,14800,36,1.79,749.0,4200,0,0,0,0.3746835443037974,Current,Low Risk,0.019005559787525654,Low Risk
100340,30,,Contract,5.0,Unsecured Personal Loan,20000,36,6.2,725.0,8800,30,0,0,,30-59 DPD,Medium Risk,0.050706635248459496,Low Risk
100341,40,,Contract,2.6,Unsecured Personal Loan,33400,60,12.67,767.0,27100,0,0,0,,Current,Low Risk,0.033134300685682655,Low Risk
100342,40,,Employed,7.0,Unsecured Personal Loan,22800,12,5.2,707.0,11100,0,1,1,,Current,High Risk,0.0652944879606866,Low Risk
100343,33,65900.0,Self-Employed,3.8,Auto Loan,21100,12,5.69,,10000,0,0,1,0.3201820940819423,Current,Low Risk,0.023595562084069877,Low Risk
100344,33,58400.0,Unemployed,5.7,Auto Loan,13900,12,6.16,640.0,31100,10,0,0,0.2380136986301369,Current,Medium Risk,0.02633503225850605,Low Risk
100345,40,17300.0,Self-Employed,2.8,Unsecured Personal Loan,16900,36,3.86,776.0,3600,0,1,0,0.976878612716763,Current,High Risk,0.04340142349801195,Low Risk
100346,24,10100.0,Employed,6.6,Auto Loan,28300,12,0.88,615.0,4000,0,0,0,2.801980198019802,Current,Medium Risk,0.06460500599035968,Low Risk
100347,24,57900.0,Contract,8.7,Mortgage,6000,48,6.81,662.0,3200,60,0,0,0.1036269430051813,60-89 DPD,Medium Risk,0.07509701209125272,Low Risk
100348,31,18300.0,Employed,0.8,Mortgage,10800,36,7.91,596.0,12800,0,0,0,0.5901639344262295,Current,Medium Risk,0.060572301766034994,Low Risk
100349,36,32500.0,Employed,8.9,Unsecured Personal Loan,8400,36,7.34,823.0,11100,10,0,0,0.2584615384615384,Current,Low Risk,0.02404032872914078,Low Risk
100350,41,20200.0,Employed,3.9,Mortgage,16800,36,7.07,815.0,29100,10,0,0,0.8316831683168316,Current,Low Risk,0.02653534112001907,Low Risk
100351,53,14800.0,Employed,9.3,Auto Loan,27900,24,7.63,609.0,11700,0,1,0,1.8851351351351353,Current,High Risk,0.1639347548233337,Low Risk
100352,47,47600.0,Employed,2.8,Unsecured Personal Loan,9300,24,10.57,692.0,7500,60,0,0,0.1953781512605042,60-89 DPD,Medium Risk,0.14338941732868338,Low Risk
100353,36,53100.0,Unemployed,2.4,Unsecured Personal Loan,3200,24,6.93,626.0,9900,10,2,0,0.0602636534839924,Current,High Risk,0.08424949622115913,Low Risk
100354,38,27200.0,Employed,12.3,Unsecured Personal Loan,10400,36,5.78,729.0,10700,0,0,0,0.3823529411764705,Current,Low Risk,0.03156328206777628,Low Risk
100355,28,9900.0,Employed,1.4,Auto Loan,23100,24,6.66,721.0,3100,0,0,0,2.333333333333333,Current,Low Risk,0.05380272059917015,Low Risk
100356,38,27600.0,Employed,9.3,Unsecured Personal Loan,18400,12,9.24,745.0,66000,10,0,0,0.6666666666666666,Current,Low Risk,0.03345824940764957,Low Risk
100357,35,44200.0,Employed,3.3,Auto Loan,17300,60,11.74,707.0,14200,0,0,0,0.3914027149321266,Current,Low Risk,0.03307750696315206,Low Risk
100358,41,17300.0,Retired,3.6,Unsecured Personal Loan,11300,12,5.62,915.0,11500,30,0,0,0.653179190751445,30-59 DPD,Medium Risk,0.028035146397789007,Low Risk
100359,30,39800.0,Employed,1.8,Mortgage,6200,48,7.8,598.0,15200,0,0,0,0.1557788944723618,Current,Medium Risk,0.03544091791341122,Low Risk
100360,43,36000.0,Employed,,Unsecured Personal Loan,18200,48,8.52,543.0,16300,0,0,1,0.5055555555555555,Current,Medium Risk,0.07024374505830447,Low Risk
100361,53,48500.0,Employed,2.0,Mortgage,8100,24,4.52,649.0,9000,0,0,0,0.1670103092783505,Current,Medium Risk,0.027812349659866526,Low Risk
100362,37,38600.0,Employed,0.2,Mortgage,49500,12,7.56,555.0,6400,0,0,0,1.2823834196891193,Current,Medium Risk,0.12350345718308142,Low Risk
100363,42,22300.0,Employed,1.6,Unsecured Personal Loan,18800,12,3.1,561.0,15100,0,0,0,0.84304932735426,Current,Medium Risk,0.06997442506119375,Low Risk
100364,45,66100.0,Unemployed,0.0,Unsecured Personal Loan,9400,36,2.19,600.0,13000,30,1,0,0.1422087745839636,30-59 DPD,High Risk,0.06004614052467627,Low Risk
100365,34,33500.0,Retired,19.2,Unsecured Personal Loan,9300,36,8.6,606.0,5600,10,2,0,0.2776119402985074,Current,High Risk,0.16543097219372116,Low Risk
100366,40,35800.0,Employed,16.9,Mortgage,12600,48,6.35,604.0,26700,10,0,0,0.3519553072625698,Current,Medium Risk,0.04750319915252986,Low Risk
100367,38,22800.0,Self-Employed,2.5,Auto Loan,11600,60,8.11,721.0,12200,0,0,0,0.5087719298245614,Current,Low Risk,0.028580417205775362,Low Risk
100368,39,29100.0,Unemployed,6.5,Unsecured Personal Loan,26100,36,7.45,640.0,16500,30,2,0,0.8969072164948453,30-59 DPD,High Risk,0.22447018751597064,Medium Risk
100369,30,23300.0,Contract,2.1,Unsecured Personal Loan,14900,24,4.57,666.0,26200,0,0,0,0.6394849785407725,Current,Low Risk,0.03292665919444498,Low Risk
100370,38,33300.0,Employed,5.6,Unsecured Personal Loan,8600,24,7.36,752.0,10000,30,3,0,0.2582582582582582,30-59 DPD,High Risk,0.19101362816522624,Low Risk
100371,43,85500.0,Employed,8.2,Mortgage,41500,48,3.8,619.0,12400,0,0,0,0.4853801169590643,Current,Medium Risk,0.02447902793326037,Low Risk
100372,53,18300.0,Employed,14.7,Auto Loan,13800,24,11.67,659.0,17400,60,1,1,0.7540983606557377,60-89 DPD,High Risk,0.39236254910317503,Medium Risk
100373,48,16200.0,Unemployed,2.6,Mortgage,21200,12,3.43,709.0,6000,10,0,0,1.308641975308642,Current,Low Risk,0.0506796925662714,Low Risk
100374,60,,Contract,7.6,Unsecured Personal Loan,9300,48,6.91,525.0,10300,0,2,0,,Current,High Risk,0.15184973521651068,Low Risk
100375,30,32700.0,Employed,1.5,Unsecured Personal Loan,16600,36,4.37,489.0,10800,0,0,0,0.5076452599388379,Current,Medium Risk,0.07384290812141558,Low Risk
100376,47,26000.0,Employed,23.2,Mortgage,16100,60,9.21,708.0,5100,0,0,0,0.6192307692307693,Current,Low Risk,0.047669208796898524,Low Risk
100377,40,61100.0,Contract,0.1,Unsecured Personal Loan,4300,36,6.51,719.0,50100,0,0,0,0.0703764320785597,Current,Low Risk,0.009635244086575102,Low Risk
100378,60,26800.0,Contract,4.6,Mortgage,44800,12,5.94,845.0,3700,0,0,0,1.671641791044776,Current,Low Risk,0.037336507309479745,Low Risk
100379,30,90500.0,Retired,5.4,Unsecured Personal Loan,29000,60,10.06,693.0,4000,0,1,0,0.3204419889502762,Current,High Risk,0.03040006573055252,Low Risk
100380,30,51000.0,Unemployed,5.8,Unsecured Personal Loan,10500,24,7.59,746.0,24800,0,0,0,0.2058823529411764,Current,Low Risk,0.016389582867392817,Low Risk
100381,32,28500.0,Employed,0.6,Auto Loan,6900,24,9.05,,16300,60,2,1,0.2421052631578947,60-89 DPD,High Risk,0.31740861903182166,Medium Risk
100382,18,106800.0,Self-Employed,13.9,Mortgage,16500,36,4.56,704.0,4800,0,0,0,0.1544943820224719,Current,Low Risk,0.007854850597086589,Low Risk
100383,33,26800.0,Self-Employed,1.0,Mortgage,14100,12,3.29,813.0,15100,30,1,0,0.5261194029850746,30-59 DPD,High Risk,0.05261338233581055,Low Risk
100384,30,52600.0,Employed,4.9,Unsecured Personal Loan,16500,36,7.82,510.0,27700,10,0,0,0.3136882129277566,Current,Medium Risk,0.06551355727163402,Low Risk
100385,40,,Employed,1.3,Unsecured Personal Loan,15000,12,6.54,713.0,9700,0,3,1,,Current,High Risk,0.12940170768610415,Low Risk
100386,41,69600.0,Unemployed,1.8,Auto Loan,18100,36,9.38,851.0,61000,0,2,0,0.2600574712643678,Current,High Risk,0.014721512477621693,Low Risk
100387,57,79300.0,Employed,,Auto Loan,31800,24,7.26,703.0,3000,10,0,0,0.4010088272383354,Current,Low Risk,0.035272539898181285,Low Risk
100388,48,36900.0,Unemployed,2.7,Auto Loan,18800,48,8.12,812.0,16100,90,1,0,0.5094850948509485,90+ DPD,High Risk,0.18610499600917502,Low Risk
100389,32,24900.0,Self-Employed,0.9,Unsecured Personal Loan,7100,48,2.63,630.0,22400,0,1,0,0.2851405622489959,Current,High Risk,0.04301947872523399,Low Risk
100390,29,45700.0,Retired,0.9,Mortgage,30300,24,13.17,677.0,18500,30,0,0,0.6630196936542669,30-59 DPD,Medium Risk,0.092557896506216,Low Risk
100391,43,25900.0,Employed,2.7,Auto Loan,35800,24,7.01,683.0,8600,60,0,0,1.3822393822393821,60-89 DPD,Medium Risk,0.22310447844206205,Medium Risk
100392,25,99400.0,Employed,7.1,Mortgage,88500,24,9.59,503.0,8100,10,0,1,0.8903420523138832,Current,Medium Risk,0.14843574836248152,Low Risk
100393,56,,Self-Employed,11.4,Auto Loan,6800,24,4.99,587.0,13500,60,1,0,,60-89 DPD,High Risk,0.25099580472313143,Medium Risk
100394,50,30300.0,Employed,0.4,Unsecured Personal Loan,15500,48,8.42,592.0,17500,0,0,1,0.5115511551155115,Current,Medium Risk,0.05857763216326583,Low Risk
100395,33,39800.0,Unemployed,2.5,Mortgage,3800,48,3.59,746.0,15100,90,0,0,0.0954773869346733,90+ DPD,High Risk,0.09049275176676216,Low Risk
100396,21,18500.0,Unemployed,0.5,Auto Loan,18600,24,8.86,750.0,20500,10,0,0,1.0054054054054054,Current,Low Risk,0.03937222873898188,Low Risk
100397,52,22300.0,Employed,0.1,Mortgage,9600,24,6.43,706.0,4900,0,0,0,0.4304932735426008,Current,Low Risk,0.04194655620084881,Low Risk
100398,37,66200.0,Employed,5.4,Mortgage,42400,12,7.59,746.0,8400,60,1,0,0.6404833836858006,60-89 DPD,High Risk,0.19526408506609047,Low Risk
100399,50,26100.0,Employed,4.6,Auto Loan,8400,36,9.59,,5100,0,3,0,0.3218390804597701,Current,High Risk,0.17912210702123052,Low Risk
100400,22,21500.0,Employed,0.9,Auto Loan,4800,12,3.8,776.0,7600,0,0,0,0.2232558139534883,Current,Low Risk,0.021729150868217428,Low Risk
100401,32,47500.0,Contract,1.3,Unsecured Personal Loan,10100,60,5.45,681.0,20100,0,0,0,0.2126315789473684,Current,Low Risk,0.017162152269327872,Low Risk
100402,38,65700.0,Contract,0.1,Unsecured Personal Loan,4100,48,8.87,,10700,0,0,0,0.0624048706240487,Current,Low Risk,0.01788573961822961,Low Risk
100403,38,52000.0,Self-Employed,9.0,Unsecured Personal Loan,21000,24,13.79,,61400,0,0,0,0.4038461538461538,Current,Low Risk,0.03086496185149308,Low Risk
100404,33,59800.0,Unemployed,18.4,Unsecured Personal Loan,3900,36,7.09,735.0,11300,30,0,0,0.0652173913043478,30-59 DPD,Medium Risk,0.02799741490624351,Low Risk
100405,44,24900.0,Employed,0.7,Unsecured Personal Loan,13600,60,9.27,646.0,10300,0,0,0,0.5461847389558232,Current,Medium Risk,0.04969054120685579,Low Risk
100406,27,17800.0,Contract,1.3,Unsecured Personal Loan,3800,36,7.18,758.0,10700,0,0,0,0.2134831460674157,Current,Low Risk,0.02489250747373548,Low Risk
100407,37,76900.0,Self-Employed,10.1,Unsecured Personal Loan,11000,24,13.33,589.0,6300,0,0,0,0.1430429128738621,Current,Medium Risk,0.042372682138294517,Low Risk
100408,39,30900.0,Unemployed,13.0,Unsecured Personal Loan,35800,24,2.26,592.0,9500,0,1,1,1.1585760517799353,Current,High Risk,0.10317571426474133,Low Risk
100409,43,32000.0,Contract,2.7,Unsecured Personal Loan,16600,48,7.78,735.0,21800,10,0,0,0.51875,Current,Low Risk,0.03192762574757438,Low Risk
100410,45,70600.0,Employed,0.3,Unsecured Personal Loan,8000,36,2.62,673.0,10700,20,1,0,0.1133144475920679,Current,High Risk,0.03771025519385244,Low Risk
100411,27,48000.0,Contract,0.2,Auto Loan,13100,36,-0.02,644.0,5700,60,0,0,0.2729166666666666,60-89 DPD,Medium Risk,0.06984929615906993,Low Risk
100412,23,45600.0,Employed,4.3,Auto Loan,13500,48,8.39,751.0,5200,0,0,0,0.2960526315789473,Current,Low Risk,0.02196733622881289,Low Risk
100413,51,107200.0,Employed,2.5,Unsecured Personal Loan,17700,48,7.92,631.0,7200,0,1,0,0.1651119402985074,Current,High Risk,0.02773919986555233,Low Risk
100414,41,26300.0,Employed,0.1,Auto Loan,5900,60,6.65,664.0,10400,60,0,0,0.2243346007604562,60-89 DPD,Medium Risk,0.11989703014755974,Low Risk
100415,31,57800.0,Retired,4.4,Mortgage,19100,12,7.18,,22800,20,0,0,0.3304498269896193,Current,Low Risk,0.03800459996723972,Low Risk
100416,54,37400.0,Contract,0.1,Unsecured Personal Loan,2600,36,16.79,803.0,3900,0,0,0,0.0695187165775401,Current,Low Risk,0.03384497425186151,Low Risk
100417,39,41500.0,Unemployed,7.7,Auto Loan,9200,48,6.73,806.0,7900,10,0,0,0.2216867469879518,Current,Low Risk,0.017282612082314564,Low Risk
100418,50,78000.0,Unemployed,1.8,Mortgage,10000,48,9.03,,10900,60,1,0,0.1282051282051282,60-89 DPD,High Risk,0.10372439276343043,Low Risk
100419,39,,Self-Employed,0.2,Mortgage,19500,36,5.55,778.0,2700,10,0,0,,Current,Low Risk,0.02600681930594269,Low Risk
100420,59,47500.0,Contract,4.4,Unsecured Personal Loan,13500,24,8.39,604.0,5500,0,0,0,0.2842105263157894,Current,Medium Risk,0.05142105873760162,Low Risk
100421,56,62100.0,Employed,2.5,Auto Loan,5700,48,6.79,607.0,6100,10,0,0,0.0917874396135265,Current,Medium Risk,0.03450540237753542,Low Risk
100422,36,30300.0,Employed,18.2,Unsecured Personal Loan,7400,48,6.27,492.0,5700,0,0,0,0.2442244224422442,Current,Medium Risk,0.08259742258530639,Low Risk
100423,48,23900.0,Employed,3.9,Auto Loan,15100,12,12.96,814.0,11300,0,3,0,0.6317991631799162,Current,High Risk,0.1527567782576257,Low Risk
100424,44,21500.0,Unemployed,1.6,Mortgage,12700,36,11.03,611.0,8800,0,1,1,0.5906976744186045,Current,High Risk,0.11245999431096047,Low Risk
100425,52,,Unemployed,6.2,Auto Loan,9400,24,7.91,670.0,6700,0,0,0,,Current,Low Risk,0.03799858275353217,Low Risk
100426,28,101500.0,Employed,1.6,Mortgage,10000,24,0.59,607.0,13400,0,0,0,0.0985221674876847,Current,Medium Risk,0.009146734340829894,Low Risk
100427,45,20900.0,Employed,11.7,Unsecured Personal Loan,20300,12,6.42,736.0,33100,0,0,0,0.971291866028708,Current,Low Risk,0.03936960973675855,Low Risk
100428,49,32500.0,Contract,2.3,Mortgage,9800,36,15.61,650.0,31200,10,0,0,0.3015384615384615,Current,Low Risk,0.06745333016756652,Low Risk
100429,20,31600.0,Employed,4.0,Auto Loan,12700,36,6.81,576.0,2600,20,1,0,0.4018987341772151,Current,High Risk,0.14441535442898581,Low Risk
100430,26,42300.0,Unemployed,0.3,Unsecured Personal Loan,49100,36,10.81,715.0,14800,120,0,0,1.160756501182033,90+ DPD,High Risk,0.4749998905698677,High Risk
100431,18,54600.0,Retired,2.8,Auto Loan,5700,36,11.83,565.0,8700,0,0,0,0.1043956043956043,Current,Medium Risk,0.041922114158326064,Low Risk
100432,35,55800.0,Employed,8.9,Unsecured Personal Loan,4400,48,8.16,613.0,11000,0,1,0,0.078853046594982,Current,High Risk,0.05251755615039973,Low Risk
100433,45,27100.0,Employed,8.2,Unsecured Personal Loan,21400,24,4.97,511.0,7500,60,0,1,0.7896678966789668,60-89 DPD,Medium Risk,0.3266067894518696,Medium Risk
100434,53,33400.0,Unemployed,1.3,Mortgage,8900,12,0.19,566.0,10700,0,0,0,0.2664670658682634,Current,Medium Risk,0.03599476140885506,Low Risk
100435,39,41800.0,Contract,,Unsecured Personal Loan,11000,48,9.55,694.0,11000,10,0,0,0.2631578947368421,Current,Low Risk,0.03731740199521024,Low Risk
100436,54,32100.0,Employed,8.5,Auto Loan,8400,24,5.06,523.0,6600,20,2,0,0.2616822429906542,Current,High Risk,0.25703381998781266,Medium Risk
100437,24,81100.0,Retired,13.3,Unsecured Personal Loan,11400,60,8.03,562.0,5300,0,1,1,0.1405672009864364,Current,High Risk,0.04207180357499903,Low Risk
100438,21,46400.0,Employed,0.5,Unsecured Personal Loan,34900,48,3.75,680.0,7200,30,0,0,0.7521551724137931,30-59 DPD,Medium Risk,0.05763004661236301,Low Risk
100439,37,52400.0,Employed,3.0,Mortgage,21600,36,6.7,,11700,20,0,0,0.4122137404580152,Current,Low Risk,0.04640169310010759,Low Risk
100440,42,50600.0,Unemployed,2.1,Unsecured Personal Loan,22400,60,7.6,839.0,15100,0,2,0,0.4426877470355731,Current,High Risk,0.0300868456050125,Low Risk
100441,38,65300.0,Contract,10.2,Auto Loan,5700,12,8.31,827.0,18000,0,0,0,0.0872894333843797,Current,Low Risk,0.010460326984169361,Low Risk
100442,18,39800.0,Employed,0.4,Auto Loan,6700,24,4.16,611.0,7000,0,0,0,0.1683417085427135,Current,Medium Risk,0.031529181299866794,Low Risk
100443,37,19000.0,Contract,1.2,Auto Loan,2400,36,11.09,725.0,12100,0,3,0,0.1263157894736842,Current,High Risk,0.12913310522814897,Low Risk
100444,25,44300.0,Self-Employed,7.0,Mortgage,8200,24,5.71,740.0,19400,0,1,0,0.1851015801354401,Current,High Risk,0.026898270014057746,Low Risk
100445,45,26200.0,Employed,0.3,Auto Loan,23700,60,2.48,632.0,22400,0,0,0,0.9045801526717556,Current,Medium Risk,0.032646518559882,Low Risk
100446,42,27900.0,Employed,3.4,Unsecured Personal Loan,18200,12,7.17,560.0,9500,0,0,0,0.6523297491039426,Current,Medium Risk,0.08957697796611522,Low Risk
100447,29,48700.0,Contract,2.9,Mortgage,11700,36,7.6,679.0,8500,60,0,0,0.2402464065708418,60-89 DPD,Medium Risk,0.09368692638659294,Low Risk
100448,33,67400.0,Employed,2.0,Unsecured Personal Loan,13200,36,7.98,666.0,11300,0,0,0,0.1958456973293768,Current,Low Risk,0.024171799587538786,Low Risk
100449,27,36700.0,Employed,2.5,Auto Loan,8800,36,11.59,645.0,4400,0,2,1,0.2397820163487738,Current,High Risk,0.12499136076662845,Low Risk
100450,37,,Employed,3.8,Mortgage,15100,24,6.79,715.0,8600,0,0,0,,Current,Low Risk,0.03239793183718146,Low Risk
100451,48,85100.0,Contract,0.9,Auto Loan,21200,24,7.14,620.0,16700,0,1,0,0.2491186839012925,Current,High Risk,0.03738703512253576,Low Risk
100452,28,41000.0,Self-Employed,4.2,Mortgage,5100,48,4.19,588.0,15500,0,0,0,0.124390243902439,Current,Medium Risk,0.025013051206536588,Low Risk
100453,43,133400.0,Unemployed,8.2,Auto Loan,16000,24,9.96,689.0,8200,0,0,0,0.1199400299850074,Current,Low Risk,0.008631498130647829,Low Risk
100454,33,48200.0,Employed,7.1,Mortgage,23400,48,8.05,711.0,11500,0,0,0,0.4854771784232365,Current,Low Risk,0.02914935532694188,Low Risk
100455,30,15100.0,Self-Employed,0.8,Mortgage,10400,36,6.24,586.0,5600,20,1,0,0.6887417218543046,Current,High Risk,0.1455581080013429,Low Risk
100456,37,52900.0,Self-Employed,0.8,Unsecured Personal Loan,20300,48,1.79,754.0,16200,120,0,0,0.383742911153119,90+ DPD,High Risk,0.16496506795039956,Low Risk
100457,28,43900.0,Contract,1.6,Unsecured Personal Loan,72300,48,11.83,538.0,9400,0,0,0,1.6469248291571754,Current,Medium Risk,0.16650748185178446,Low Risk
100458,32,69200.0,Contract,2.2,Unsecured Personal Loan,12500,24,3.82,634.0,8200,0,0,0,0.180635838150289,Current,Medium Risk,0.0187403941098452,Low Risk
100459,26,50800.0,Employed,2.6,Auto Loan,16900,36,5.73,659.0,7700,0,0,0,0.3326771653543307,Current,Low Risk,0.028989775698613843,Low Risk
100460,58,33900.0,Self-Employed,5.7,Unsecured Personal Loan,8600,48,8.58,629.0,9500,10,0,0,0.2536873156342182,Current,Medium Risk,0.054767068056998214,Low Risk
100461,38,19700.0,Employed,0.3,Unsecured Personal Loan,14900,36,3.91,635.0,7200,0,0,0,0.7563451776649746,Current,Medium Risk,0.04677156510315138,Low Risk
100462,31,32700.0,Employed,0.2,Unsecured Personal Loan,17600,60,3.02,,15700,60,0,0,0.5382262996941896,60-89 DPD,Medium Risk,0.09236136053179929,Low Risk
100463,40,23700.0,Employed,2.5,Mortgage,15000,36,1.13,612.0,7500,0,0,0,0.6329113924050632,Current,Medium Risk,0.03908042475949354,Low Risk
100464,37,27200.0,Employed,6.0,Auto Loan,7200,12,9.66,875.0,30200,0,0,0,0.2647058823529411,Current,Low Risk,0.016961403267418473,Low Risk
100465,36,48700.0,Employed,1.1,Unsecured Personal Loan,15100,24,5.86,715.0,27600,0,0,0,0.3100616016427104,Current,Low Risk,0.021389433915805174,Low Risk
100466,44,83700.0,Self-Employed,5.1,Unsecured Personal Loan,32100,60,16.28,687.0,5300,90,0,1,0.3835125448028673,90+ DPD,High Risk,0.2410333984732341,Medium Risk
100467,46,44200.0,Employed,1.5,Unsecured Personal Loan,17500,24,4.52,718.0,10400,20,0,0,0.3959276018099547,Current,Low Risk,0.042382662524573456,Low Risk
100468,33,20000.0,Unemployed,10.9,Unsecured Personal Loan,23800,48,4.74,882.0,6300,0,0,0,1.19,Current,Low Risk,0.01607929580133767,Low Risk
100469,32,45400.0,Employed,11.3,Unsecured Personal Loan,11600,48,5.8,601.0,7900,0,1,1,0.2555066079295154,Current,High Risk,0.06541812346863715,Low Risk
100470,35,66100.0,Employed,1.8,Mortgage,21000,24,8.23,590.0,40200,0,0,0,0.3177004538577912,Current,Medium Risk,0.029159324500383603,Low Risk
100471,18,26800.0,Unemployed,1.3,Mortgage,15800,12,6.09,620.0,8000,0,0,0,0.5895522388059701,Current,Medium Risk,0.04537653575898581,Low Risk
100472,23,,Employed,2.6,Unsecured Personal Loan,7600,48,9.34,683.0,12700,10,0,0,,Current,Low Risk,0.039276233206629874,Low Risk
100473,52,36600.0,Employed,1.4,Unsecured Personal Loan,16200,24,4.56,542.0,14500,30,1,1,0.4426229508196721,30-59 DPD,High Risk,0.19586812681691682,Low Risk
100474,54,24500.0,Self-Employed,5.6,Unsecured Personal Loan,7400,48,3.36,682.0,4900,10,0,0,0.3020408163265306,Current,Low Risk,0.03762344811196414,Low Risk
100475,36,50200.0,Employed,8.7,Unsecured Personal Loan,9100,36,2.11,815.0,5400,120,0,1,0.1812749003984063,90+ DPD,High Risk,0.155625213550778,Low Risk
100476,44,34200.0,Employed,5.6,Unsecured Personal Loan,15000,36,0.83,692.0,4300,0,0,0,0.4385964912280701,Current,Low Risk,0.027147973921181213,Low Risk
100477,41,44800.0,Employed,,Unsecured Personal Loan,16000,48,5.95,657.0,5300,30,0,0,0.3571428571428571,30-59 DPD,Medium Risk,0.06310349236589785,Low Risk
100478,69,23300.0,Contract,2.5,Unsecured Personal Loan,6500,24,6.6,,1300,20,3,0,0.278969957081545,Current,High Risk,0.243313906588095,Medium Risk
100479,49,29200.0,Self-Employed,0.8,Auto Loan,25100,36,5.61,752.0,14500,0,1,0,0.8595890410958904,Current,High Risk,0.04605062407073419,Low Risk
100480,37,52100.0,Self-Employed,6.7,Auto Loan,18800,24,11.23,614.0,41700,10,0,0,0.3608445297504798,Current,Medium Risk,0.045090877591109156,Low Risk
100481,28,30100.0,Self-Employed,2.2,Auto Loan,8800,24,11.18,828.0,11000,0,1,0,0.2923588039867109,Current,High Risk,0.036154492376205806,Low Risk
100482,22,86100.0,Employed,5.6,Unsecured Personal Loan,5300,36,6.5,835.0,3700,20,1,0,0.0615563298490127,Current,High Risk,0.01682091039556946,Low Risk
100483,40,29700.0,Employed,1.6,Mortgage,12200,48,2.12,701.0,6300,0,0,0,0.4107744107744107,Current,Low Risk,0.023789632277332953,Low Risk
100484,30,40600.0,Unemployed,0.4,Mortgage,10200,24,5.8,679.0,7200,0,0,0,0.251231527093596,Current,Low Risk,0.02582383939263565,Low Risk
100485,24,57900.0,Employed,24.5,Unsecured Personal Loan,14300,36,5.7,762.0,4900,10,0,0,0.2469775474956822,Current,Low Risk,0.023266887840156122,Low Risk
100486,32,,Employed,0.8,Unsecured Personal Loan,10700,36,5.53,768.0,18100,0,0,0,,Current,Low Risk,0.018066085347660236,Low Risk
100487,27,15100.0,Employed,22.3,Auto Loan,4000,24,5.41,616.0,17500,0,0,0,0.2649006622516556,Current,Medium Risk,0.05182966303373395,Low Risk
100488,55,16900.0,Employed,18.9,Unsecured Personal Loan,10600,24,5.54,638.0,4400,0,0,0,0.6272189349112426,Current,Medium Risk,0.06814492150258174,Low Risk
100489,47,68300.0,Retired,7.9,Unsecured Personal Loan,11100,60,6.34,574.0,16400,0,1,0,0.1625183016105417,Current,High Risk,0.04183497741938003,Low Risk
100490,38,27600.0,Employed,,Auto Loan,78000,48,5.59,713.0,28800,0,3,0,2.8260869565217392,Current,High Risk,0.2320580292202613,Medium Risk
100491,53,130500.0,Employed,4.3,Auto Loan,8800,36,8.12,733.0,37500,30,0,0,0.0674329501915708,30-59 DPD,Medium Risk,0.008457017389461141,Low Risk
100492,39,,Employed,10.1,Unsecured Personal Loan,36600,36,8.58,572.0,73500,60,0,0,,60-89 DPD,Medium Risk,0.18814138551867798,Low Risk
100493,29,39800.0,Retired,1.7,Auto Loan,4200,12,4.77,644.0,5300,0,1,0,0.1055276381909547,Current,High Risk,0.04925705216767972,Low Risk
100494,53,78500.0,Employed,3.2,Mortgage,29300,36,11.31,572.0,71500,20,1,1,0.3732484076433121,Current,High Risk,0.07299203764715093,Low Risk
100495,43,99000.0,Employed,4.8,Unsecured Personal Loan,11700,36,4.56,608.0,7700,0,1,0,0.1181818181818181,Current,High Risk,0.026441460864944165,Low Risk
100496,28,101800.0,Unemployed,2.6,Auto Loan,22400,36,2.65,724.0,6500,10,0,0,0.2200392927308447,Current,Low Risk,0.008817924925489527,Low Risk
100497,36,66400.0,Unemployed,2.8,Unsecured Personal Loan,14000,24,8.64,621.0,12400,0,0,0,0.2108433734939759,Current,Medium Risk,0.028293081689717454,Low Risk
100498,29,60600.0,Employed,2.0,Unsecured Personal Loan,26500,12,5.05,656.0,6600,0,0,0,0.4372937293729372,Current,Low Risk,0.03521960234022912,Low Risk
100499,24,48800.0,Employed,,Auto Loan,10600,24,8.46,550.0,13100,0,3,0,0.2172131147540983,Current,High Risk,0.18547713865794313,Low Risk
100500,47,53600.0,Employed,9.5,Unsecured Personal Loan,6900,60,0.29,695.0,3900,0,0,0,0.128731343283582,Current,Low Risk,0.014495614083405377,Low Risk
100501,57,,Employed,1.1,Unsecured Personal Loan,31300,36,11.68,676.0,8400,10,2,0,,Current,High Risk,0.2116352894381834,Medium Risk
100502,24,24100.0,Employed,13.6,Unsecured Personal Loan,12500,36,9.52,622.0,24300,30,0,0,0.5186721991701244,30-59 DPD,Medium Risk,0.10593670028262771,Low Risk
100503,44,36300.0,Employed,,Auto Loan,15300,12,3.0,665.0,9500,0,3,0,0.4214876033057851,Current,High Risk,0.1290889991001906,Low Risk
100504,31,33400.0,Employed,8.7,Auto Loan,28000,12,3.06,694.0,10900,0,0,0,0.8383233532934131,Current,Low Risk,0.039532011932956,Low Risk
100505,33,29000.0,Employed,4.1,Unsecured Personal Loan,7200,48,12.52,615.0,13800,30,0,0,0.2482758620689655,30-59 DPD,Medium Risk,0.11478167598800115,Low Risk
100506,32,51400.0,Self-Employed,7.6,Auto Loan,19100,36,5.29,562.0,22500,20,0,0,0.3715953307392996,Current,Medium Risk,0.05373391999668027,Low Risk
100507,29,58600.0,Retired,0.1,Unsecured Personal Loan,9400,36,5.0,824.0,3100,0,0,0,0.1604095563139931,Current,Low Risk,0.009380489806126574,Low Risk
100508,38,38000.0,Self-Employed,,Auto Loan,12300,24,0.7,629.0,14900,0,0,0,0.3236842105263157,Current,Medium Risk,0.02397915817352087,Low Risk
100509,30,76000.0,Employed,0.2,Unsecured Personal Loan,14000,48,6.45,672.0,8200,10,0,0,0.1842105263157894,Current,Low Risk,0.02155541369700965,Low Risk
100510,41,20500.0,Employed,11.0,Auto Loan,5400,24,6.82,761.0,11100,0,0,0,0.2634146341463414,Current,Low Risk,0.030981327569279654,Low Risk
100511,37,33000.0,Retired,24.1,Mortgage,8400,24,9.65,962.0,20800,0,0,0,0.2545454545454545,Current,Low Risk,0.010489761841079148,Low Risk
100512,36,25400.0,Employed,1.7,Mortgage,30100,36,3.3,580.0,4300,0,1,0,1.1850393700787403,Current,High Risk,0.11253787924983503,Low Risk
100513,29,14300.0,Employed,1.2,Unsecured Personal Loan,22700,24,2.94,716.0,4900,30,0,0,1.5874125874125875,30-59 DPD,Medium Risk,0.07552280970489252,Low Risk
100514,32,34800.0,Self-Employed,7.2,Mortgage,12900,24,8.85,623.0,2600,10,0,0,0.3706896551724137,Current,Medium Risk,0.06369570646573011,Low Risk
100515,46,34200.0,Self-Employed,1.5,Unsecured Personal Loan,15500,36,10.52,637.0,6700,120,1,0,0.4532163742690058,90+ DPD,High Risk,0.6133364666709442,High Risk
100516,43,77400.0,Self-Employed,10.0,Mortgage,11200,36,2.79,622.0,25100,20,0,0,0.1447028423772609,Current,Medium Risk,0.019897762671645534,Low Risk
100517,28,49800.0,Employed,0.5,Unsecured Personal Loan,30200,48,10.74,590.0,9100,60,2,1,0.6064257028112449,60-89 DPD,High Risk,0.44616511676775683,High Risk
100518,39,21800.0,Employed,0.7,Unsecured Personal Loan,11800,36,7.61,677.0,3900,0,0,0,0.5412844036697247,Current,Low Risk,0.05078790572760617,Low Risk
100519,46,91800.0,Retired,19.4,Unsecured Personal Loan,15400,12,10.78,562.0,7000,20,0,0,0.167755991285403,Current,Medium Risk,0.06198187271930021,Low Risk
100520,21,66900.0,Employed,5.6,Unsecured Personal Loan,26600,24,7.29,756.0,3500,0,0,0,0.3976083707025411,Current,Low Risk,0.021843776715740556,Low Risk
100521,43,48600.0,Self-Employed,9.4,Auto Loan,8400,60,-0.07,684.0,4500,10,0,0,0.1728395061728395,Current,Low Risk,0.017323013458264758,Low Risk
100522,31,,Unemployed,2.0,Mortgage,34000,36,7.04,714.0,13000,0,0,0,,Current,Low Risk,0.034115526271986,Low Risk
100523,44,22500.0,Self-Employed,5.6,Auto Loan,5300,48,10.68,643.0,4400,0,0,0,0.2355555555555555,Current,Medium Risk,0.05118550918966481,Low Risk
100524,30,30100.0,Employed,4.5,Auto Loan,35500,12,4.82,651.0,21600,30,0,0,1.1794019933554816,30-59 DPD,Medium Risk,0.1003659015420717,Low Risk
100525,20,,Employed,,Auto Loan,10700,36,6.34,703.0,9400,30,0,0,,30-59 DPD,Medium Risk,0.047967860699527236,Low Risk
100526,22,93200.0,Self-Employed,5.7,Unsecured Personal Loan,11500,12,6.97,587.0,10500,0,0,0,0.1233905579399141,Current,Medium Risk,0.019712529432979627,Low Risk
100527,38,78600.0,Contract,4.3,Unsecured Personal Loan,4300,36,-1.2,651.0,8100,0,0,0,0.05470737913486,Current,Low Risk,0.009242473607231634,Low Risk
100528,41,28400.0,Contract,2.8,Unsecured Personal Loan,10200,60,12.51,611.0,17000,0,0,0,0.3591549295774647,Current,Medium Risk,0.05428914069045235,Low Risk
100529,29,20700.0,Employed,1.6,Unsecured Personal Loan,7200,60,4.8,609.0,17100,0,0,0,0.3478260869565217,Current,Medium Risk,0.036398347630434744,Low Risk
100530,44,39000.0,Employed,7.3,Unsecured Personal Loan,9300,36,9.02,,12500,30,0,0,0.2384615384615384,30-59 DPD,Medium Risk,0.07186219249759984,Low Risk
100531,21,15000.0,Contract,1.3,Unsecured Personal Loan,12300,36,7.24,787.0,14700,0,0,0,0.82,Current,Low Risk,0.024286478065410795,Low Risk
100532,37,42700.0,Unemployed,5.9,Unsecured Personal Loan,23700,60,11.27,625.0,8500,60,0,1,0.5550351288056206,60-89 DPD,Medium Risk,0.18187341328024556,Low Risk
100533,26,33700.0,Contract,,Unsecured Personal Loan,15100,36,8.72,773.0,14500,0,0,0,0.4480712166172106,Current,Low Risk,0.023322934690864005,Low Risk
100534,31,28800.0,Employed,4.9,Mortgage,16100,12,6.8,766.0,7800,10,0,0,0.5590277777777777,Current,Low Risk,0.03964193646918231,Low Risk
100535,38,16400.0,Self-Employed,6.9,Unsecured Personal Loan,6900,36,4.82,577.0,9900,10,0,0,0.4207317073170731,Current,Medium Risk,0.06785592832680211,Low Risk
100536,29,46900.0,Unemployed,1.2,Auto Loan,7900,24,9.89,593.0,8200,0,0,0,0.1684434968017057,Current,Medium Risk,0.04169618211096959,Low Risk
100537,34,27800.0,Self-Employed,0.3,Auto Loan,39300,36,1.88,885.0,7200,0,0,0,1.4136690647482013,Current,Low Risk,0.014979639995623812,Low Risk
100538,48,20200.0,Employed,0.7,Auto Loan,8600,36,9.44,820.0,6100,30,0,0,0.4257425742574257,30-59 DPD,Medium Risk,0.051516491411349195,Low Risk
100539,32,8600.0,Employed,4.7,Unsecured Personal Loan,36100,36,4.2,677.0,13700,20,0,0,4.1976744186046515,Current,Low Risk,0.09231604089116505,Low Risk
100540,46,35800.0,Self-Employed,9.5,Unsecured Personal Loan,11500,24,11.26,,24800,0,0,0,0.3212290502793296,Current,Low Risk,0.04403022444186014,Low Risk
100541,27,88100.0,Employed,0.2,Unsecured Personal Loan,13400,24,7.98,630.0,22500,0,0,0,0.152099886492622,Current,Medium Risk,0.017454502529215835,Low Risk
100542,43,83300.0,Employed,6.6,Unsecured Personal Loan,25400,36,9.43,715.0,4100,0,1,0,0.304921968787515,Current,High Risk,0.03902923315655306,Low Risk
100543,52,28900.0,Retired,,Unsecured Personal Loan,28700,48,7.75,623.0,24400,0,1,1,0.9930795847750864,Current,High Risk,0.09079757394167082,Low Risk
100544,18,26900.0,Employed,3.3,Auto Loan,12500,36,2.24,517.0,7900,0,0,0,0.4646840148698884,Current,Medium Risk,0.05443433377829335,Low Risk
100545,30,45900.0,Contract,,Auto Loan,10600,24,4.92,574.0,15100,0,0,0,0.2309368191721132,Current,Medium Risk,0.03392061349495652,Low Risk
100546,44,22000.0,Employed,2.0,Auto Loan,12900,60,9.52,682.0,5200,30,0,0,0.5863636363636363,30-59 DPD,Medium Risk,0.08669311246085318,Low Risk
100547,36,42200.0,Self-Employed,3.1,Unsecured Personal Loan,16400,60,8.0,590.0,10900,10,1,0,0.3886255924170616,Current,High Risk,0.08761661677397421,Low Risk
100548,42,53300.0,Retired,0.1,Unsecured Personal Loan,22800,24,11.04,675.0,12300,60,0,0,0.4277673545966228,60-89 DPD,Medium Risk,0.1490099150490584,Low Risk
100549,32,67100.0,Employed,0.4,Mortgage,13400,12,8.71,594.0,3500,10,3,1,0.1997019374068554,Current,High Risk,0.17953437075679995,Low Risk
100550,39,34500.0,Employed,,Unsecured Personal Loan,19400,48,4.6,617.0,15200,60,0,1,0.5623188405797102,60-89 DPD,Medium Risk,0.15077448968500898,Low Risk
100551,36,32800.0,Employed,0.1,Auto Loan,35700,48,5.11,748.0,25400,0,0,0,1.0884146341463414,Current,Low Risk,0.026844696849916132,Low Risk
100552,50,23400.0,Employed,5.0,Auto Loan,16800,60,7.81,700.0,8800,0,0,0,0.717948717948718,Current,Low Risk,0.041605529503496996,Low Risk
100553,41,24000.0,Unemployed,2.8,Unsecured Personal Loan,16100,48,0.56,679.0,25600,90,0,0,0.6708333333333333,90+ DPD,High Risk,0.1508125234549157,Low Risk
100554,41,32400.0,Contract,4.0,Unsecured Personal Loan,5400,36,12.52,750.0,8700,0,0,0,0.1666666666666666,Current,Low Risk,0.033695620928822355,Low Risk
100555,34,43600.0,Employed,1.0,Unsecured Personal Loan,2800,36,8.83,718.0,17900,0,0,0,0.0642201834862385,Current,Low Risk,0.023108140742179456,Low Risk
100556,33,57300.0,Employed,1.8,Unsecured Personal Loan,16900,12,11.18,796.0,2100,10,0,0,0.2949389179755671,Current,Low Risk,0.03308736304803101,Low Risk
100557,34,24300.0,Employed,5.5,Unsecured Personal Loan,12600,24,2.76,643.0,53800,60,1,0,0.5185185185185185,60-89 DPD,High Risk,0.16424412497283114,Low Risk
100558,42,76600.0,Unemployed,16.8,Unsecured Personal Loan,9800,36,11.23,646.0,28200,20,0,0,0.1279373368146214,Current,Medium Risk,0.032402471109969425,Low Risk
100559,34,31700.0,Employed,0.3,Unsecured Personal Loan,15500,36,14.19,576.0,8100,0,0,0,0.4889589905362776,Current,Medium Risk,0.09873392642080801,Low Risk
100560,41,35900.0,Self-Employed,11.1,Auto Loan,12900,36,3.54,646.0,2500,10,0,0,0.3593314763231197,Current,Medium Risk,0.03967205530092222,Low Risk
100561,59,25000.0,Self-Employed,4.3,Mortgage,26300,48,9.81,757.0,12100,120,0,0,1.052,90+ DPD,High Risk,0.40749351137190526,High Risk
100562,47,10800.0,Self-Employed,4.1,Unsecured Personal Loan,14100,24,7.5,784.0,3600,0,0,0,1.3055555555555556,Current,Low Risk,0.0385575923909959,Low Risk
100563,35,56500.0,Employed,3.5,Mortgage,8500,36,2.87,757.0,13500,10,0,0,0.1504424778761061,Current,Low Risk,0.014206280225431139,Low Risk
100564,50,52500.0,Unemployed,0.4,Mortgage,24200,12,8.98,536.0,13200,0,0,0,0.4609523809523809,Current,Medium Risk,0.06831091782134081,Low Risk
100565,34,31600.0,Employed,0.5,Mortgage,11700,36,10.0,767.0,5100,0,0,0,0.370253164556962,Current,Low Risk,0.030508135919556804,Low Risk
100566,18,37600.0,Employed,4.6,Mortgage,18300,48,5.7,533.0,21700,0,0,0,0.4867021276595744,Current,Medium Risk,0.047492960283732455,Low Risk
100567,28,,Contract,2.1,Unsecured Personal Loan,10000,36,11.0,752.0,17400,0,0,0,,Current,Low Risk,0.0250758158014698,Low Risk
100568,19,16600.0,Unemployed,12.5,Unsecured Personal Loan,9000,60,2.5,651.0,19600,0,2,0,0.5421686746987951,Current,High Risk,0.06352150998529704,Low Risk
100569,34,27900.0,Employed,2.6,Auto Loan,14100,24,3.02,736.0,10000,0,0,0,0.5053763440860215,Current,Low Risk,0.025400412632991837,Low Risk
100570,38,54000.0,Employed,0.8,Auto Loan,13500,36,7.91,573.0,3700,0,0,0,0.25,Current,Medium Risk,0.04603851198816748,Low Risk
100571,55,19400.0,Employed,6.3,Mortgage,17800,24,7.58,774.0,19600,0,0,0,0.9175257731958762,Current,Low Risk,0.035809279125281,Low Risk
100572,41,42100.0,Employed,1.7,Mortgage,11400,36,5.35,563.0,8200,30,1,0,0.2707838479809976,30-59 DPD,High Risk,0.14661629600999995,Low Risk
100573,36,18400.0,Employed,3.7,Auto Loan,4400,48,9.93,627.0,3700,0,0,0,0.2391304347826086,Current,Medium Risk,0.05866983019422771,Low Risk
100574,46,45900.0,Employed,6.0,Unsecured Personal Loan,10300,36,9.09,600.0,25500,0,0,0,0.2244008714596949,Current,Medium Risk,0.04251441902514019,Low Risk
100575,18,35700.0,Employed,11.5,Unsecured Personal Loan,21500,48,10.07,540.0,43000,60,0,0,0.6022408963585434,60-89 DPD,Medium Risk,0.21366928329057006,Medium Risk
100576,40,16200.0,Unemployed,7.9,Unsecured Personal Loan,11200,24,7.13,688.0,9600,0,0,0,0.691358024691358,Current,Low Risk,0.04657616618633201,Low Risk
100577,46,65000.0,Self-Employed,5.6,Auto Loan,11500,48,9.31,824.0,44900,0,1,0,0.1769230769230769,Current,High Risk,0.01263376410387483,Low Risk
100578,23,25200.0,Self-Employed,5.7,Auto Loan,24100,12,6.16,893.0,10600,0,0,0,0.9563492063492064,Current,Low Risk,0.017268205056737568,Low Risk
100579,49,24200.0,Employed,14.6,Mortgage,8700,48,13.66,688.0,7600,20,1,0,0.3595041322314049,Current,High Risk,0.15349845423444686,Low Risk
100580,41,40100.0,Retired,1.8,Auto Loan,5300,24,5.06,769.0,6400,60,0,0,0.1321695760598503,60-89 DPD,Medium Risk,0.06360636656199047,Low Risk
100581,34,64500.0,Contract,0.0,Mortgage,12100,24,13.82,699.0,31100,60,0,0,0.1875968992248062,60-89 DPD,Medium Risk,0.08716231953861298,Low Risk
100582,44,21900.0,Contract,,Auto Loan,10000,36,7.6,720.0,5700,20,1,0,0.45662100456621,Current,High Risk,0.08796342337786728,Low Risk
100583,61,37500.0,Contract,1.2,Mortgage,7500,60,3.37,653.0,16600,0,0,0,0.2,Current,Low Risk,0.021645877737871317,Low Risk
100584,40,45000.0,Contract,5.4,Unsecured Personal Loan,12000,12,11.6,696.0,6700,0,0,0,0.2666666666666666,Current,Low Risk,0.04428815814678254,Low Risk
100585,40,51400.0,Employed,5.0,Mortgage,17900,24,7.88,723.0,7200,0,0,0,0.348249027237354,Current,Low Risk,0.02923756450749314,Low Risk
100586,33,39700.0,Employed,4.5,Auto Loan,13300,48,10.05,634.0,20400,0,0,0,0.3350125944584382,Current,Medium Risk,0.03927786260859656,Low Risk
100587,30,30200.0,Self-Employed,0.1,Unsecured Personal Loan,16100,24,11.17,674.0,7600,10,0,1,0.5331125827814569,Current,Low Risk,0.06780913971481684,Low Risk
100588,46,24000.0,Unemployed,6.5,Unsecured Personal Loan,39700,24,8.51,,7500,10,3,0,1.6541666666666668,Current,High Risk,0.29721212886553705,Medium Risk
100589,29,37900.0,Unemployed,2.0,Mortgage,10900,36,5.72,746.0,21900,0,3,0,0.287598944591029,Current,High Risk,0.05939706199041703,Low Risk
100590,39,21200.0,Employed,5.5,Unsecured Personal Loan,15800,24,10.43,595.0,30300,30,0,0,0.7452830188679245,30-59 DPD,Medium Risk,0.14193502408289738,Low Risk
100591,33,8400.0,Employed,4.1,Unsecured Personal Loan,9800,60,7.5,676.0,15500,0,0,0,1.1666666666666667,Current,Low Risk,0.04504059167080133,Low Risk
100592,43,45200.0,Employed,2.1,Unsecured Personal Loan,8000,48,9.56,833.0,6300,0,0,0,0.1769911504424778,Current,Low Risk,0.016597242243785303,Low Risk
100593,41,57100.0,Contract,0.7,Auto Loan,9400,36,1.04,773.0,6900,10,0,0,0.1646234676007005,Current,Low Risk,0.011447579598104676,Low Risk
100594,48,11100.0,Self-Employed,0.5,Mortgage,10000,60,8.84,788.0,10500,0,0,0,0.9009009009009008,Current,Low Risk,0.026570596510901254,Low Risk
100595,33,21900.0,Employed,8.9,Unsecured Personal Loan,16600,36,5.58,682.0,12400,0,0,0,0.7579908675799086,Current,Low Risk,0.04378009482506881,Low Risk
100596,35,49500.0,Employed,12.5,Unsecured Personal Loan,54700,12,12.46,706.0,5000,0,0,0,1.1050505050505053,Current,Low Risk,0.09920292767540002,Low Risk
100597,28,101600.0,Employed,5.2,Mortgage,8700,24,9.37,760.0,16400,0,0,0,0.0856299212598425,Current,Low Risk,0.008446024511076988,Low Risk
100598,34,36700.0,Contract,0.5,Auto Loan,10400,36,8.22,805.0,10500,20,0,0,0.2833787465940054,Current,Low Risk,0.026981949150276765,Low Risk
100599,42,25200.0,Self-Employed,2.6,Mortgage,12900,24,8.96,524.0,3000,60,0,0,0.5119047619047619,60-89 DPD,Medium Risk,0.31065212320990443,Medium Risk
100600,46,33100.0,Unemployed,6.5,Unsecured Personal Loan,16900,60,4.5,575.0,5200,0,1,0,0.5105740181268882,Current,High Risk,0.0765994173794154,Low Risk
100601,29,72200.0,Employed,7.6,Unsecured Personal Loan,15600,48,12.37,785.0,7000,0,0,0,0.2160664819944598,Current,Low Risk,0.017741149124230172,Low Risk
100602,47,26300.0,Self-Employed,0.6,Unsecured Personal Loan,28900,24,13.47,658.0,9400,10,0,0,1.0988593155893536,Current,Low Risk,0.1169494133322976,Low Risk
100603,52,24400.0,Employed,0.0,Auto Loan,3100,36,8.68,626.0,37100,60,0,0,0.1270491803278688,60-89 DPD,Medium Risk,0.14683977650756755,Low Risk
100604,42,28500.0,Unemployed,6.2,Unsecured Personal Loan,3200,48,12.27,580.0,11700,0,0,0,0.1122807017543859,Current,Medium Risk,0.06170267888452816,Low Risk
100605,57,22500.0,Employed,2.2,Unsecured Personal Loan,9900,60,5.79,636.0,5500,0,0,0,0.44,Current,Medium Risk,0.04540984500427911,Low Risk
100606,30,38600.0,Employed,1.5,Unsecured Personal Loan,25800,48,5.11,,11600,20,0,0,0.6683937823834196,Current,Low Risk,0.052519510098700616,Low Risk
100607,26,,Self-Employed,0.1,Unsecured Personal Loan,5200,36,7.62,847.0,7700,0,3,0,,Current,High Risk,0.04775768814243146,Low Risk
100608,20,42700.0,Contract,3.9,Mortgage,2200,48,8.8,678.0,12400,0,0,0,0.0515222482435597,Current,Low Risk,0.022000242299899754,Low Risk
100609,53,32000.0,Employed,9.5,Unsecured Personal Loan,18800,36,6.32,675.0,14900,0,0,0,0.5875,Current,Low Risk,0.04545641893980733,Low Risk
100610,45,31400.0,Contract,15.8,Auto Loan,15500,36,9.11,727.0,23100,0,0,0,0.4936305732484076,Current,Low Risk,0.03247752925000969,Low Risk
100611,37,16600.0,Employed,,Mortgage,6900,12,8.42,757.0,9700,0,2,1,0.4156626506024096,Current,High Risk,0.09368091694904956,Low Risk
100612,41,56500.0,Employed,3.6,Unsecured Personal Loan,7400,12,4.51,756.0,31200,0,1,1,0.1309734513274336,Current,High Risk,0.022027009048584574,Low Risk
100613,27,34900.0,Employed,0.4,Auto Loan,7500,36,9.06,766.0,18700,30,1,0,0.2148997134670487,30-59 DPD,High Risk,0.06860377190109972,Low Risk
100614,62,33200.0,Employed,4.0,Mortgage,14300,24,10.09,630.0,6000,0,0,0,0.430722891566265,Current,Medium Risk,0.0690506322733989,Low Risk
100615,39,179300.0,Employed,2.4,Mortgage,9200,12,8.01,656.0,46500,0,3,0,0.0513106525376464,Current,High Risk,0.010696897521855313,Low Risk
100616,39,42200.0,Employed,4.7,Unsecured Personal Loan,18000,48,10.96,742.0,12400,0,0,0,0.4265402843601895,Current,Low Risk,0.03293691251283447,Low Risk
100617,45,24900.0,Employed,2.5,Unsecured Personal Loan,2400,12,3.85,638.0,5500,30,0,0,0.0963855421686746,30-59 DPD,Medium Risk,0.08260696279723065,Low Risk
100618,43,29300.0,Contract,1.4,Unsecured Personal Loan,8000,36,8.9,680.0,31500,0,1,0,0.273037542662116,Current,High Risk,0.05121100157343216,Low Risk
100619,40,64500.0,Employed,0.5,Auto Loan,6800,36,3.99,712.0,42400,0,2,0,0.1054263565891472,Current,High Risk,0.024389809987415037,Low Risk
100620,30,38400.0,Unemployed,1.9,Auto Loan,11500,60,4.16,743.0,9700,0,0,0,0.2994791666666666,Current,Low Risk,0.014251737228714272,Low Risk
100621,43,17700.0,Employed,0.5,Auto Loan,9700,36,5.61,538.0,7000,20,0,0,0.5480225988700564,Current,Medium Risk,0.11490501881554395,Low Risk
100622,57,57500.0,Self-Employed,1.0,Unsecured Personal Loan,21600,12,4.67,,8800,0,0,0,0.3756521739130434,Current,Low Risk,0.029843755379367135,Low Risk
100623,51,26000.0,Employed,21.8,Unsecured Personal Loan,4400,36,5.86,661.0,16300,0,0,0,0.1692307692307692,Current,Low Risk,0.04301758019279837,Low Risk
100624,54,92700.0,Employed,2.9,Auto Loan,13700,48,6.86,737.0,24200,0,0,0,0.1477885652642934,Current,Low Risk,0.009015802724256223,Low Risk
100625,33,,Employed,3.8,Unsecured Personal Loan,18700,60,10.01,742.0,14800,30,3,1,,30-59 DPD,High Risk,0.19417462556520668,Low Risk
100626,28,29000.0,Employed,10.3,Auto Loan,40700,36,6.54,809.0,10600,0,0,0,1.403448275862069,Current,Low Risk,0.033401127366461135,Low Risk
100627,37,68900.0,Employed,27.1,Unsecured Personal Loan,10000,24,2.74,788.0,28200,10,1,0,0.1451378809869375,Current,High Risk,0.019495924326811624,Low Risk
100628,39,37600.0,Self-Employed,4.4,Unsecured Personal Loan,16200,60,10.92,788.0,8000,30,1,0,0.4308510638297872,30-59 DPD,High Risk,0.0763490345804368,Low Risk
100629,49,55600.0,Contract,8.4,Unsecured Personal Loan,4500,24,4.99,795.0,20400,60,0,0,0.0809352517985611,60-89 DPD,Medium Risk,0.042415910163540606,Low Risk
100630,21,46300.0,Contract,2.0,Unsecured Personal Loan,3200,36,7.32,703.0,8100,0,1,0,0.0691144708423326,Current,High Risk,0.03321833955660971,Low Risk
100631,53,23800.0,Self-Employed,1.8,Unsecured Personal Loan,22200,36,8.84,683.0,13400,90,0,1,0.9327731092436974,90+ DPD,High Risk,0.32310100919388196,Medium Risk
100632,36,26300.0,Employed,,Unsecured Personal Loan,13300,12,8.1,750.0,9100,0,0,0,0.5057034220532319,Current,Low Risk,0.039489919258269716,Low Risk
100633,34,60800.0,Employed,,Unsecured Personal Loan,27100,24,10.78,739.0,9500,0,0,0,0.4457236842105263,Current,Low Risk,0.03313087156808999,Low Risk
100634,28,,Employed,5.7,Unsecured Personal Loan,5900,24,8.94,655.0,7600,30,0,0,,30-59 DPD,Medium Risk,0.07886355842197454,Low Risk
100635,21,29700.0,Employed,1.9,Unsecured Personal Loan,18300,36,4.92,,25400,0,1,0,0.6161616161616161,Current,High Risk,0.049942202011676935,Low Risk
100636,46,22500.0,Employed,0.7,Auto Loan,41000,60,14.04,677.0,5900,0,3,0,1.8222222222222224,Current,High Risk,0.3110626692267732,Medium Risk
100637,39,44900.0,Employed,,Unsecured Personal Loan,17200,24,8.08,612.0,5900,0,0,0,0.3830734966592427,Current,Medium Risk,0.053949286274347454,Low Risk
100638,25,101900.0,Employed,0.7,Auto Loan,15800,48,7.06,783.0,43700,0,1,0,0.155053974484789,Current,High Risk,0.007466347429471679,Low Risk
100639,25,21300.0,Employed,4.3,Auto Loan,13400,12,10.39,684.0,19600,0,0,0,0.6291079812206573,Current,Low Risk,0.055514984917254775,Low Risk
100640,35,,Contract,5.9,Auto Loan,5200,36,8.25,844.0,1900,10,1,0,,Current,High Risk,0.030346993620631462,Low Risk
100641,55,73600.0,Unemployed,6.0,Mortgage,30100,12,8.7,550.0,6700,30,0,0,0.4089673913043478,30-59 DPD,Medium Risk,0.10736402837770705,Low Risk
100642,35,34900.0,Employed,7.0,Unsecured Personal Loan,9300,60,14.98,635.0,2800,10,0,0,0.2664756446991404,Current,Medium Risk,0.08114835126604245,Low Risk
100643,23,45500.0,Contract,,Auto Loan,18100,48,6.67,683.0,5100,0,0,0,0.3978021978021978,Current,Low Risk,0.025914351043444864,Low Risk
100644,36,21300.0,Retired,3.5,Mortgage,5200,36,6.55,771.0,1100,60,0,1,0.244131455399061,60-89 DPD,Medium Risk,0.08909069100645886,Low Risk
100645,35,45000.0,Employed,6.6,Mortgage,6600,48,7.85,712.0,9000,0,0,0,0.1466666666666666,Current,Low Risk,0.023222717511812416,Low Risk
100646,18,33100.0,Employed,4.8,Unsecured Personal Loan,31600,36,10.71,,4400,0,2,0,0.9546827794561932,Current,High Risk,0.15592714127635912,Low Risk
100647,37,59400.0,Employed,1.0,Unsecured Personal Loan,10800,60,2.98,590.0,10300,0,0,0,0.1818181818181818,Current,Medium Risk,0.021971088729090704,Low Risk
100648,36,65800.0,Contract,0.1,Unsecured Personal Loan,32000,48,1.6,587.0,3200,0,2,0,0.486322188449848,Current,High Risk,0.071863497700646,Low Risk
100649,45,132600.0,Contract,1.7,Auto Loan,12700,60,5.74,706.0,10500,0,0,0,0.0957767722473604,Current,Low Risk,0.004350262463548602,Low Risk
100650,56,48500.0,Employed,2.9,Auto Loan,4400,36,2.6,571.0,7400,0,0,0,0.090721649484536,Current,Medium Risk,0.0321456584535781,Low Risk
100651,49,42700.0,Employed,4.8,Unsecured Personal Loan,22800,12,6.23,637.0,28300,0,0,0,0.5339578454332552,Current,Medium Risk,0.04377504701697697,Low Risk
100652,35,40000.0,Self-Employed,9.5,Auto Loan,9400,36,9.01,720.0,26600,0,0,0,0.235,Current,Low Risk,0.022950220840147317,Low Risk
100653,27,30400.0,Employed,1.1,Auto Loan,20300,12,4.83,601.0,17100,0,0,0,0.6677631578947368,Current,Medium Risk,0.05167011659131787,Low Risk
100654,64,43000.0,Employed,,Unsecured Personal Loan,13600,36,3.22,808.0,7900,20,0,0,0.3162790697674418,Current,Low Risk,0.025469727445139888,Low Risk
100655,39,31300.0,Contract,16.5,Mortgage,5300,36,7.71,778.0,39700,20,0,0,0.1693290734824281,Current,Low Risk,0.024388300347387922,Low Risk
100656,38,39500.0,Self-Employed,0.6,Auto Loan,14700,36,10.09,554.0,3300,0,0,0,0.3721518987341772,Current,Medium Risk,0.06750992993697255,Low Risk
100657,38,70200.0,Contract,3.3,Unsecured Personal Loan,49900,12,2.42,605.0,3700,0,3,0,0.7108262108262108,Current,High Risk,0.16246024740264448,Low Risk
100658,40,22000.0,Contract,4.4,Auto Loan,18000,24,9.96,497.0,9300,90,0,0,0.8181818181818181,90+ DPD,High Risk,0.5561945144600378,High Risk
100659,37,64200.0,Unemployed,3.9,Unsecured Personal Loan,12900,36,9.95,617.0,47900,0,0,0,0.2009345794392523,Current,Medium Risk,0.020592454319196398,Low Risk
100660,32,70200.0,Employed,0.4,Auto Loan,25500,60,10.36,741.0,8600,30,0,0,0.3632478632478632,30-59 DPD,Medium Risk,0.03640942734052864,Low Risk
100661,33,34200.0,Self-Employed,0.3,Mortgage,15200,24,11.16,647.0,8700,0,1,0,0.4444444444444444,Current,High Risk,0.08780429863211076,Low Risk
100662,38,12600.0,Employed,0.6,Mortgage,15100,36,14.11,717.0,3600,60,1,0,1.1984126984126984,60-89 DPD,High Risk,0.3646147506725949,Medium Risk
100663,33,26800.0,Self-Employed,4.4,Unsecured Personal Loan,6900,48,6.43,558.0,19200,0,0,0,0.2574626865671641,Current,Medium Risk,0.04577199088865801,Low Risk
100664,31,69500.0,Employed,3.9,Unsecured Personal Loan,15400,36,7.83,744.0,19300,0,0,0,0.2215827338129496,Current,Low Risk,0.015255651754330019,Low Risk
100665,39,35900.0,Self-Employed,1.3,Unsecured Personal Loan,99600,24,6.25,636.0,17200,10,0,0,2.7743732590529246,Current,Medium Risk,0.17985595940808144,Low Risk
100666,35,22000.0,Employed,5.1,Auto Loan,8100,36,7.51,681.0,6400,0,0,0,0.3681818181818181,Current,Low Risk,0.04377154845381692,Low Risk
100667,53,28200.0,Employed,8.6,Unsecured Personal Loan,31400,24,12.1,673.0,6000,0,0,0,1.1134751773049645,Current,Low Risk,0.10258351873074499,Low Risk
100668,18,55300.0,Employed,0.2,Auto Loan,12600,60,3.46,578.0,4000,0,3,0,0.2278481012658227,Current,High Risk,0.09655442150783325,Low Risk
100669,49,47700.0,Employed,3.4,Unsecured Personal Loan,7800,12,4.92,588.0,10500,10,0,0,0.1635220125786163,Current,Medium Risk,0.05303511345952398,Low Risk
100670,50,32200.0,Unemployed,5.8,Unsecured Personal Loan,24300,24,11.63,757.0,4600,0,0,0,0.7546583850931677,Current,Low Risk,0.04868295678753801,Low Risk
100671,18,30200.0,Unemployed,1.5,Unsecured Personal Loan,11200,12,10.56,712.0,4300,0,1,0,0.3708609271523178,Current,High Risk,0.06761024445875659,Low Risk
100672,35,29900.0,Employed,1.8,Mortgage,21100,24,6.41,764.0,7400,0,0,0,0.7056856187290969,Current,Low Risk,0.03111571467734676,Low Risk
100673,34,22900.0,Employed,4.8,Auto Loan,11200,48,10.06,706.0,7000,0,0,0,0.4890829694323144,Current,Low Risk,0.04402300419817753,Low Risk
100674,24,81400.0,Employed,11.4,Unsecured Personal Loan,12900,24,8.52,691.0,6800,10,0,0,0.1584766584766584,Current,Low Risk,0.025278979353741342,Low Risk
100675,30,30900.0,Employed,8.3,Unsecured Personal Loan,18000,12,12.0,542.0,13700,0,0,0,0.58252427184466,Current,Medium Risk,0.11778350953270526,Low Risk
100676,27,66700.0,Employed,4.4,Auto Loan,15900,36,7.72,658.0,10500,0,2,0,0.2383808095952023,Current,High Risk,0.06166774647931719,Low Risk
100677,56,77700.0,Contract,6.6,Unsecured Personal Loan,4000,12,10.58,678.0,8100,0,0,0,0.0514800514800514,Current,Low Risk,0.024387582526309223,Low Risk
100678,47,,Employed,2.3,Auto Loan,6800,12,15.43,836.0,11200,0,0,0,,Current,Low Risk,0.03178117633959887,Low Risk
100679,51,29300.0,Employed,5.1,Mortgage,23300,48,9.29,,4900,0,0,0,0.7952218430034129,Current,Low Risk,0.057627417563247296,Low Risk
100680,45,44400.0,Employed,3.1,Auto Loan,12300,48,7.65,803.0,10700,0,2,0,0.277027027027027,Current,High Risk,0.04256619736830773,Low Risk
100681,27,35900.0,Employed,1.1,Auto Loan,9800,60,9.67,728.0,11000,0,0,0,0.2729805013927576,Current,Low Risk,0.02559817914181953,Low Risk
100682,33,23100.0,Employed,6.0,Auto Loan,5900,48,6.4,623.0,3500,90,0,0,0.2554112554112554,90+ DPD,High Risk,0.2955695059510172,Medium Risk
100683,43,42700.0,Self-Employed,4.1,Mortgage,7000,36,14.66,689.0,19900,0,2,0,0.1639344262295081,Current,High Risk,0.09277541382638668,Low Risk
100684,26,20100.0,Employed,2.2,Mortgage,4000,12,8.04,699.0,5300,10,0,0,0.1990049751243781,Current,Low Risk,0.054405211603597646,Low Risk
100685,45,65800.0,Employed,,Auto Loan,12600,48,6.68,605.0,10500,0,0,0,0.1914893617021276,Current,Medium Risk,0.026760614068212178,Low Risk
100686,36,28800.0,Employed,0.1,Unsecured Personal Loan,9300,48,4.99,649.0,22400,0,0,0,0.3229166666666666,Current,Medium Risk,0.029054829486394262,Low Risk
100687,34,40200.0,Employed,,Unsecured Personal Loan,7500,48,10.79,664.0,18900,0,0,0,0.1865671641791044,Current,Low Risk,0.03643107550558804,Low Risk
100688,45,41800.0,Employed,0.3,Unsecured Personal Loan,12800,36,10.1,808.0,10100,0,0,0,0.3062200956937799,Current,Low Risk,0.023145028596159262,Low Risk
100689,42,31900.0,Retired,7.3,Auto Loan,16600,24,6.01,514.0,7700,90,0,0,0.5203761755485893,90+ DPD,High Risk,0.42994380556544304,High Risk
100690,34,48700.0,Self-Employed,6.1,Auto Loan,46900,48,9.23,776.0,19200,60,0,0,0.9630390143737166,60-89 DPD,Medium Risk,0.1072857840077439,Low Risk
100691,50,28600.0,Self-Employed,2.0,Unsecured Personal Loan,5400,48,2.97,605.0,15900,20,0,0,0.1888111888111888,Current,Medium Risk,0.04704686591442629,Low Risk
100692,27,56100.0,Employed,5.6,Unsecured Personal Loan,26800,60,8.05,570.0,6400,0,0,0,0.4777183600713012,Current,Medium Risk,0.048948750447130714,Low Risk
100693,44,18500.0,Employed,2.5,Unsecured Personal Loan,24000,24,8.86,774.0,5700,0,0,0,1.2972972972972971,Current,Low Risk,0.04958526021107728,Low Risk
100694,44,38700.0,Employed,7.1,Mortgage,8400,24,12.62,739.0,2300,0,0,0,0.2170542635658914,Current,Low Risk,0.042761073134020944,Low Risk
100695,35,95700.0,Self-Employed,3.0,Auto Loan,15100,24,5.19,780.0,11000,60,3,0,0.1577847439916405,60-89 DPD,High Risk,0.10623568700588465,Low Risk
100696,41,22000.0,Unemployed,2.7,Auto Loan,10200,48,3.66,744.0,9300,0,0,0,0.4636363636363636,Current,Low Risk,0.02024297310119435,Low Risk
100697,25,25900.0,Employed,13.6,Unsecured Personal Loan,14900,24,4.81,845.0,21900,0,2,0,0.5752895752895753,Current,High Risk,0.04264432838385026,Low Risk
100698,47,47000.0,Employed,1.4,Auto Loan,33000,12,3.49,725.0,12700,0,0,0,0.702127659574468,Current,Low Risk,0.031267235079930705,Low Risk
100699,36,39700.0,Employed,0.6,Unsecured Personal Loan,19200,60,11.51,667.0,25200,0,0,0,0.4836272040302267,Current,Low Risk,0.040051994290938246,Low Risk
100700,33,43300.0,Contract,4.4,Auto Loan,18100,12,12.15,707.0,6100,60,0,1,0.418013856812933,60-89 DPD,Medium Risk,0.16207815592109565,Low Risk
100701,48,46400.0,Self-Employed,17.4,Unsecured Personal Loan,10300,48,8.46,779.0,22000,0,1,0,0.2219827586206896,Current,High Risk,0.028844703351853407,Low Risk
100702,31,49900.0,Employed,2.4,Unsecured Personal Loan,5500,24,11.16,618.0,6800,0,1,0,0.1102204408817635,Current,High Risk,0.08000046211545263,Low Risk
100703,24,63200.0,Employed,0.3,Unsecured Personal Loan,11800,48,7.9,628.0,17100,0,0,0,0.1867088607594936,Current,Medium Risk,0.023144835446050928,Low Risk
100704,22,44600.0,Self-Employed,2.1,Unsecured Personal Loan,27600,36,7.21,655.0,3600,30,2,0,0.6188340807174887,30-59 DPD,High Risk,0.1835669719908236,Low Risk
100705,44,32200.0,Employed,3.5,Mortgage,5300,60,6.5,512.0,11700,0,0,0,0.1645962732919254,Current,Medium Risk,0.05606477032051019,Low Risk
100706,25,50800.0,Employed,0.9,Unsecured Personal Loan,7100,60,6.57,691.0,2500,30,0,0,0.139763779527559,30-59 DPD,Medium Risk,0.03814563045233593,Low Risk
100707,56,93900.0,Employed,5.4,Unsecured Personal Loan,14400,12,2.86,529.0,8200,0,3,0,0.1533546325878594,Current,High Risk,0.10679878538436842,Low Risk
100708,18,34000.0,Self-Employed,,Auto Loan,7400,12,8.29,,13500,30,1,0,0.2176470588235294,30-59 DPD,High Risk,0.10457468295804723,Low Risk
100709,55,22300.0,Employed,,Mortgage,8300,24,7.38,749.0,6900,10,2,0,0.3721973094170403,Current,High Risk,0.10861451091135624,Low Risk
100710,40,63200.0,Employed,2.2,Unsecured Personal Loan,10400,36,9.74,642.0,4700,0,0,0,0.1645569620253164,Current,Medium Risk,0.03246631878339889,Low Risk
100711,37,34200.0,Contract,2.6,Auto Loan,5900,48,7.78,814.0,17900,0,0,0,0.1725146198830409,Current,Low Risk,0.0136289102535939,Low Risk
100712,33,61500.0,Employed,0.6,Mortgage,7400,36,7.01,563.0,9200,0,0,0,0.1203252032520325,Current,Medium Risk,0.03265242302006124,Low Risk
100713,42,55500.0,Employed,10.7,Unsecured Personal Loan,20400,36,4.89,775.0,7000,0,0,0,0.3675675675675675,Current,Low Risk,0.01872119070535792,Low Risk
100714,38,27800.0,Employed,2.7,Unsecured Personal Loan,6100,24,7.72,,10200,30,1,0,0.2194244604316546,30-59 DPD,High Risk,0.13106744998110112,Low Risk
100715,49,34700.0,Employed,2.4,Unsecured Personal Loan,5100,48,9.71,543.0,62700,0,0,0,0.1469740634005763,Current,Medium Risk,0.03943996127347045,Low Risk
100716,39,42900.0,Unemployed,5.4,Mortgage,9200,60,4.07,897.0,22200,0,0,0,0.2144522144522144,Current,Low Risk,0.005545901607683162,Low Risk
100717,40,39900.0,Employed,2.9,Unsecured Personal Loan,20700,24,7.76,675.0,22300,0,0,0,0.518796992481203,Current,Low Risk,0.04095281336538622,Low Risk
100718,34,51800.0,Employed,5.2,Unsecured Personal Loan,11900,36,8.2,610.0,13400,0,0,0,0.2297297297297297,Current,Medium Risk,0.03796708219857493,Low Risk
100719,37,29200.0,Self-Employed,0.3,Auto Loan,10100,12,5.35,567.0,11100,30,0,1,0.3458904109589041,30-59 DPD,Medium Risk,0.10240235649448326,Low Risk
100720,41,46900.0,Self-Employed,8.4,Auto Loan,13700,36,5.74,662.0,1800,0,0,0,0.2921108742004264,Current,Low Risk,0.03081806592745365,Low Risk
100721,21,31900.0,Self-Employed,14.1,Unsecured Personal Loan,4700,36,8.19,670.0,6200,90,1,0,0.1473354231974921,90+ DPD,High Risk,0.32461707774719023,Medium Risk
100722,25,,Employed,5.2,Auto Loan,18000,12,4.1,688.0,7100,60,0,0,,60-89 DPD,Medium Risk,0.1236897467818774,Low Risk
100723,45,49400.0,Employed,,Unsecured Personal Loan,16800,36,8.55,656.0,2700,0,1,0,0.340080971659919,Current,High Risk,0.07195344227715535,Low Risk
100724,40,22700.0,Unemployed,0.8,Unsecured Personal Loan,10500,24,4.81,731.0,4400,0,0,0,0.4625550660792951,Current,Low Risk,0.029272134897732737,Low Risk
100725,36,,Employed,3.2,Auto Loan,24400,36,10.69,649.0,2500,30,0,0,,30-59 DPD,Medium Risk,0.11913612452933274,Low Risk
100726,38,27800.0,Contract,4.6,Mortgage,6800,36,14.51,525.0,9600,0,0,0,0.2446043165467625,Current,Medium Risk,0.10235458782695808,Low Risk
100727,41,54400.0,Contract,4.4,Unsecured Personal Loan,26300,12,4.92,668.0,17600,0,1,0,0.4834558823529411,Current,High Risk,0.051196857820382365,Low Risk
100728,33,43600.0,Contract,2.6,Mortgage,14700,48,9.1,491.0,21500,0,0,0,0.3371559633027522,Current,Medium Risk,0.05903954032012895,Low Risk
100729,30,91000.0,Employed,2.1,Auto Loan,10900,48,5.32,708.0,13200,0,0,0,0.1197802197802197,Current,Low Risk,0.00902317143315691,Low Risk
100730,40,32500.0,Employed,0.7,Unsecured Personal Loan,13200,24,10.62,602.0,5000,20,0,0,0.4061538461538461,Current,Medium Risk,0.11448098255550632,Low Risk
100731,28,30500.0,Unemployed,2.5,Auto Loan,12500,12,3.7,693.0,2600,0,0,0,0.4098360655737704,Current,Low Risk,0.02967732940854116,Low Risk
100732,42,,Employed,0.9,Unsecured Personal Loan,111200,48,8.94,785.0,2900,0,1,1,,Current,High Risk,0.21629330811978878,Medium Risk
100733,21,31200.0,Employed,6.6,Mortgage,7000,60,4.88,,4100,60,1,0,0.2243589743589743,60-89 DPD,High Risk,0.158317517813902,Low Risk
100734,48,54200.0,Contract,1.2,Mortgage,8500,24,6.88,765.0,5300,20,0,0,0.1568265682656826,Current,Low Risk,0.026028039789866255,Low Risk
100735,43,16200.0,Contract,0.3,Unsecured Personal Loan,24900,24,4.41,645.0,8900,0,0,0,1.537037037037037,Current,Medium Risk,0.05532898613968541,Low Risk
100736,41,21400.0,Employed,4.0,Unsecured Personal Loan,9300,24,9.97,820.0,4900,20,1,1,0.4345794392523364,Current,High Risk,0.08174635024317727,Low Risk
100737,48,21300.0,Employed,4.5,Unsecured Personal Loan,22900,36,4.99,651.0,12500,0,0,0,1.0751173708920188,Current,Low Risk,0.05660624610436458,Low Risk
100738,55,58400.0,Employed,10.3,Unsecured Personal Loan,37000,24,9.16,613.0,8400,20,0,0,0.6335616438356164,Current,Medium Risk,0.10865667459701292,Low Risk
100739,48,85400.0,Contract,4.3,Unsecured Personal Loan,10500,24,6.47,735.0,10000,0,0,0,0.1229508196721311,Current,Low Risk,0.011794459984790517,Low Risk
100740,20,34500.0,Contract,2.1,Unsecured Personal Loan,20100,36,7.16,645.0,22000,0,0,0,0.5826086956521739,Current,Medium Risk,0.03423843361569137,Low Risk
100741,25,33400.0,Employed,8.1,Auto Loan,6700,36,7.94,613.0,4300,10,0,0,0.2005988023952095,Current,Medium Risk,0.05787979378461011,Low Risk
100742,32,37600.0,Employed,3.9,Unsecured Personal Loan,21000,24,5.21,642.0,13300,0,1,1,0.5585106382978723,Current,High Risk,0.07231285744164778,Low Risk
100743,38,64900.0,Contract,0.4,Mortgage,15100,36,8.13,676.0,9800,120,0,0,0.2326656394453004,90+ DPD,High Risk,0.2685348058415824,Medium Risk
100744,43,22800.0,Employed,4.2,Mortgage,17700,36,12.09,787.0,7800,0,0,1,0.7763157894736842,Current,Low Risk,0.042481376162257806,Low Risk
100745,31,40900.0,Employed,11.9,Unsecured Personal Loan,9100,12,5.17,525.0,18400,60,1,1,0.2224938875305623,60-89 DPD,High Risk,0.32566513977685396,Medium Risk
100746,40,59100.0,Retired,2.5,Mortgage,4900,12,11.02,682.0,18300,60,0,1,0.0829103214890016,60-89 DPD,Medium Risk,0.09598364759573921,Low Risk
100747,30,46700.0,Employed,1.8,Unsecured Personal Loan,18100,48,11.99,730.0,5100,0,0,0,0.3875802997858672,Current,Low Risk,0.035289944437702926,Low Risk
100748,32,39900.0,Self-Employed,0.8,Unsecured Personal Loan,3900,12,5.05,695.0,8700,20,0,0,0.0977443609022556,Current,Low Risk,0.03802570047962577,Low Risk
100749,24,59900.0,Employed,0.8,Auto Loan,11000,48,3.13,785.0,12100,0,0,0,0.1836393989983305,Current,Low Risk,0.008835895700542601,Low Risk
100750,29,9400.0,Employed,2.8,Unsecured Personal Loan,23500,60,8.41,674.0,8200,60,2,1,2.5,60-89 DPD,High Risk,0.41613448011541826,High Risk
100751,24,51000.0,Contract,4.5,Auto Loan,15000,24,5.86,665.0,14900,0,1,0,0.2941176470588235,Current,High Risk,0.040455945800453266,Low Risk
100752,28,26200.0,Employed,,Mortgage,43000,24,13.11,727.0,12100,10,0,0,1.6412213740458017,Current,Low Risk,0.10054759505842228,Low Risk
100753,49,14500.0,Retired,14.0,Mortgage,24700,36,7.6,688.0,35700,0,0,0,1.703448275862069,Current,Low Risk,0.04544703013775068,Low Risk
100754,29,46900.0,Self-Employed,7.0,Auto Loan,9000,48,5.09,649.0,3400,0,0,0,0.1918976545842217,Current,Medium Risk,0.02291085531857866,Low Risk
100755,64,72200.0,Employed,4.4,Auto Loan,13600,60,4.06,721.0,9100,0,2,0,0.188365650969529,Current,High Risk,0.03295770244398897,Low Risk
100756,43,33900.0,Employed,8.8,Unsecured Personal Loan,13000,48,10.77,628.0,5200,0,0,0,0.383480825958702,Current,Medium Risk,0.06115948305324099,Low Risk
100757,40,58500.0,Employed,0.4,Unsecured Personal Loan,5200,12,5.79,631.0,15100,20,0,0,0.0888888888888888,Current,Medium Risk,0.04103449477355067,Low Risk
100758,29,81300.0,Employed,3.2,Auto Loan,7600,36,7.63,638.0,3200,0,0,0,0.093480934809348,Current,Medium Risk,0.018595399590658594,Low Risk
100759,45,70100.0,Employed,5.0,Unsecured Personal Loan,9500,36,10.37,788.0,12600,10,0,0,0.1355206847360912,Current,Low Risk,0.019108149560363837,Low Risk
100760,32,82500.0,Employed,8.8,Unsecured Personal Loan,3900,36,6.05,422.0,6400,0,0,0,0.0472727272727272,Current,Medium Risk,0.04494443139940386,Low Risk
100761,39,52600.0,Employed,7.7,Unsecured Personal Loan,13700,12,7.36,712.0,5900,0,0,0,0.2604562737642585,Current,Low Risk,0.03182058230461942,Low Risk
100762,64,37700.0,Unemployed,1.6,Auto Loan,11500,24,7.45,683.0,3600,0,1,0,0.3050397877984084,Current,High Risk,0.06252585815841066,Low Risk
100763,37,16300.0,Self-Employed,14.1,Unsecured Personal Loan,4900,48,9.55,546.0,7100,20,0,0,0.3006134969325153,Current,Medium Risk,0.12551721487790696,Low Risk
100764,49,32100.0,Unemployed,0.7,Auto Loan,17000,36,9.27,705.0,21100,120,2,0,0.5295950155763239,90+ DPD,High Risk,0.5741715011632722,High Risk
100765,31,23800.0,Employed,10.4,Unsecured Personal Loan,20500,24,6.84,718.0,9700,0,0,0,0.861344537815126,Current,Low Risk,0.046414848989889304,Low Risk
100766,38,107500.0,Employed,17.7,Unsecured Personal Loan,15300,24,7.69,727.0,15400,0,0,0,0.1423255813953488,Current,Low Risk,0.011028568896650654,Low Risk
100767,56,33300.0,Self-Employed,1.0,Unsecured Personal Loan,11000,48,6.38,468.0,31700,0,2,1,0.3303303303303303,Current,High Risk,0.15820900665883025,Low Risk
100768,32,38600.0,Employed,6.4,Unsecured Personal Loan,19100,48,3.07,789.0,11900,10,0,0,0.4948186528497409,Current,Low Risk,0.020198642747642555,Low Risk
100769,56,47800.0,Employed,0.2,Mortgage,20100,24,8.27,621.0,6700,0,1,0,0.4205020920502092,Current,High Risk,0.09027108107479118,Low Risk
100770,45,37100.0,Contract,2.6,Unsecured Personal Loan,16100,12,13.18,735.0,13700,20,1,0,0.4339622641509433,Current,High Risk,0.1147885424228152,Low Risk
100771,32,84800.0,Unemployed,3.6,Unsecured Personal Loan,8100,24,4.85,739.0,6800,0,0,0,0.0955188679245283,Current,Low Risk,0.009126034766550174,Low Risk
100772,44,26600.0,Employed,4.3,Auto Loan,15800,60,5.18,610.0,7000,20,0,0,0.593984962406015,Current,Medium Risk,0.06986843734693252,Low Risk
100773,48,40000.0,Employed,13.7,Unsecured Personal Loan,27400,36,4.89,733.0,3400,10,0,0,0.685,Current,Low Risk,0.045179630341841026,Low Risk
100774,44,25100.0,Unemployed,5.6,Unsecured Personal Loan,9300,36,9.67,649.0,18900,0,0,0,0.3705179282868525,Current,Medium Risk,0.044302457166353296,Low Risk
100775,22,18800.0,Self-Employed,3.3,Unsecured Personal Loan,47000,36,8.85,514.0,7600,0,0,0,2.5,Current,Medium Risk,0.15447628227903118,Low Risk
100776,31,,Unemployed,8.3,Mortgage,38800,24,7.02,773.0,11200,0,0,0,,Current,Low Risk,0.03236482998443323,Low Risk
100777,36,35600.0,Unemployed,15.0,Auto Loan,13600,48,4.75,618.0,4800,0,0,0,0.3820224719101123,Current,Medium Risk,0.034939061821564775,Low Risk
100778,37,29300.0,Contract,0.1,Unsecured Personal Loan,8900,36,7.78,,13400,30,0,0,0.303754266211604,30-59 DPD,Medium Risk,0.06294117411712921,Low Risk
100779,44,25700.0,Employed,20.2,Unsecured Personal Loan,15300,12,2.81,648.0,5800,0,0,0,0.5953307392996108,Current,Medium Risk,0.05195228353402664,Low Risk
100780,40,18000.0,Employed,0.5,Unsecured Personal Loan,4700,12,7.93,702.0,9000,30,3,0,0.2611111111111111,30-59 DPD,High Risk,0.28804038906118873,Medium Risk
100781,25,,Self-Employed,8.4,Unsecured Personal Loan,9600,36,10.11,675.0,18300,0,0,0,,Current,Low Risk,0.03430865370511861,Low Risk
100782,42,17100.0,Self-Employed,1.6,Auto Loan,6900,60,3.75,724.0,17200,0,0,0,0.4035087719298245,Current,Low Risk,0.02026468151082857,Low Risk
100783,44,53100.0,Unemployed,0.7,Mortgage,14500,24,2.9,573.0,9700,0,0,0,0.2730696798493408,Current,Medium Risk,0.02984925046160486,Low Risk
100784,44,37800.0,Employed,2.9,Unsecured Personal Loan,24300,48,12.24,621.0,2900,0,3,0,0.6428571428571428,Current,High Risk,0.26432851263351376,Medium Risk
100785,49,17500.0,Employed,5.2,Mortgage,19700,48,5.66,671.0,80400,0,3,0,1.1257142857142857,Current,High Risk,0.0863353630224997,Low Risk
100786,46,31100.0,Contract,2.4,Unsecured Personal Loan,3200,24,10.91,832.0,33600,0,0,0,0.1028938906752411,Current,Low Risk,0.016884832808023914,Low Risk
100787,43,24900.0,Unemployed,0.3,Unsecured Personal Loan,45500,12,7.04,671.0,16400,0,1,0,1.8273092369477912,Current,High Risk,0.11847141811387417,Low Risk
100788,37,42600.0,Contract,4.6,Unsecured Personal Loan,15900,12,7.01,767.0,5800,0,0,0,0.3732394366197183,Current,Low Risk,0.02549782327750769,Low Risk
100789,21,71000.0,Unemployed,11.6,Unsecured Personal Loan,8400,48,8.82,683.0,9100,0,3,0,0.1183098591549295,Current,High Risk,0.06295418332826465,Low Risk
100790,42,14200.0,Self-Employed,2.4,Mortgage,14700,24,4.85,641.0,6800,0,0,0,1.0352112676056338,Current,Medium Risk,0.049687098549257055,Low Risk
100791,40,38500.0,Self-Employed,1.2,Unsecured Personal Loan,14800,24,7.9,660.0,24000,0,0,0,0.3844155844155844,Current,Low Risk,0.03570266184221734,Low Risk
100792,41,33500.0,Contract,2.9,Unsecured Personal Loan,9000,36,6.36,667.0,11900,60,0,0,0.2686567164179104,60-89 DPD,Medium Risk,0.11868619985693325,Low Risk
100793,25,50800.0,Self-Employed,0.2,Mortgage,15000,48,3.54,728.0,5700,0,0,0,0.2952755905511811,Current,Low Risk,0.01415330954387849,Low Risk
100794,27,40400.0,Self-Employed,8.6,Mortgage,9300,12,8.51,790.0,7100,20,1,1,0.2301980198019801,Current,High Risk,0.05438158687989047,Low Risk
100795,49,24900.0,Employed,8.8,Auto Loan,10500,36,6.71,709.0,21700,0,0,0,0.4216867469879518,Current,Low Risk,0.03375330916091077,Low Risk
100796,38,31000.0,Employed,4.4,Mortgage,8900,36,7.03,775.0,30300,10,3,1,0.2870967741935483,Current,High Risk,0.08499736132562938,Low Risk
100797,45,24400.0,Unemployed,2.2,Unsecured Personal Loan,5700,36,3.87,603.0,28800,0,0,0,0.2336065573770491,Current,Medium Risk,0.031079433055900375,Low Risk
100798,38,62200.0,Employed,8.0,Mortgage,14600,48,12.27,647.0,16800,60,0,0,0.2347266881028938,60-89 DPD,Medium Risk,0.1264469052274341,Low Risk
100799,38,36700.0,Employed,4.0,Auto Loan,19000,24,10.13,622.0,8300,0,0,0,0.5177111716621253,Current,Medium Risk,0.06491346401890213,Low Risk
100800,47,94000.0,Employed,8.7,Mortgage,18200,48,10.39,,1000,30,0,0,0.1936170212765957,30-59 DPD,Medium Risk,0.038107363353435335,Low Risk
100801,33,35200.0,Employed,5.0,Auto Loan,21800,36,6.58,651.0,12200,0,1,0,0.6193181818181818,Current,High Risk,0.07287633420414925,Low Risk
100802,39,25500.0,Employed,7.7,Unsecured Personal Loan,16200,36,2.31,738.0,9900,0,0,0,0.6352941176470588,Current,Low Risk,0.02650413693239373,Low Risk
100803,33,17000.0,Employed,4.6,Auto Loan,9700,36,13.36,606.0,10900,10,0,0,0.5705882352941176,Current,Medium Risk,0.10913837650166766,Low Risk
100804,34,14700.0,Contract,2.7,Unsecured Personal Loan,22100,36,7.32,683.0,10300,0,0,0,1.5034013605442176,Current,Low Risk,0.052394759813887276,Low Risk
100805,35,16400.0,Employed,15.8,Unsecured Personal Loan,5900,12,5.25,735.0,3900,0,0,0,0.3597560975609756,Current,Low Risk,0.04123723715187778,Low Risk
100806,40,41500.0,Employed,3.9,Unsecured Personal Loan,7800,36,8.75,515.0,14600,0,3,1,0.1879518072289156,Current,High Risk,0.23525949168798405,Medium Risk
100807,33,46800.0,Employed,4.6,Mortgage,7500,36,11.0,850.0,15400,0,0,0,0.1602564102564102,Current,Low Risk,0.014588478001050193,Low Risk
100808,51,16500.0,Self-Employed,1.2,Unsecured Personal Loan,25500,36,7.43,657.0,16000,90,1,0,1.5454545454545456,90+ DPD,High Risk,0.45951325290830247,High Risk
100809,29,56800.0,Employed,4.9,Auto Loan,23500,24,11.34,518.0,19200,0,0,0,0.4137323943661971,Current,Medium Risk,0.07623985522813102,Low Risk
100810,36,28500.0,Contract,4.2,Unsecured Personal Loan,17900,60,10.75,693.0,15100,20,0,0,0.6280701754385964,Current,Low Risk,0.06179225322315708,Low Risk
100811,34,39100.0,Self-Employed,1.0,Mortgage,25400,36,4.27,683.0,7400,0,2,0,0.649616368286445,Current,High Risk,0.07364150558387854,Low Risk
100812,52,81300.0,Unemployed,0.3,Unsecured Personal Loan,7900,12,5.48,673.0,9400,0,0,0,0.097170971709717,Current,Low Risk,0.015736102863584383,Low Risk
100813,40,56900.0,Employed,4.6,Auto Loan,16500,36,10.37,759.0,10500,60,0,0,0.2899824253075571,60-89 DPD,Medium Risk,0.08821459652697486,Low Risk
100814,48,31800.0,Self-Employed,7.2,Mortgage,12400,48,-0.64,740.0,10700,30,0,0,0.3899371069182389,30-59 DPD,Medium Risk,0.027005087527776448,Low Risk
100815,23,,Employed,3.7,Unsecured Personal Loan,22200,48,7.05,704.0,19900,20,0,0,,Current,Low Risk,0.046008759376377675,Low Risk
100816,41,12400.0,Contract,1.3,Unsecured Personal Loan,12500,36,3.21,716.0,15500,0,1,0,1.0080645161290323,Current,High Risk,0.048044491150379114,Low Risk
100817,47,25300.0,Self-Employed,5.5,Auto Loan,10600,48,6.07,672.0,42400,0,0,0,0.4189723320158102,Current,Low Risk,0.02465180140528677,Low Risk
100818,39,32700.0,Employed,0.4,Mortgage,18500,24,6.6,822.0,46400,0,2,0,0.5657492354740061,Current,High Risk,0.03661293745051342,Low Risk
100819,49,22200.0,Employed,2.9,Auto Loan,22600,36,6.43,562.0,10500,0,0,0,1.018018018018018,Current,Medium Risk,0.08344475752197494,Low Risk
100820,33,34000.0,Employed,0.9,Unsecured Personal Loan,8900,48,5.84,691.0,700,0,0,0,0.2617647058823529,Current,Low Risk,0.030769513246297033,Low Risk
100821,52,37700.0,Self-Employed,1.0,Mortgage,12900,48,4.21,685.0,23500,30,0,0,0.3421750663129973,30-59 DPD,Medium Risk,0.03822950502149371,Low Risk
100822,61,32500.0,Employed,1.1,Unsecured Personal Loan,7100,36,14.38,745.0,6800,30,0,0,0.2184615384615384,30-59 DPD,Medium Risk,0.08925126765022119,Low Risk
100823,34,26200.0,Self-Employed,2.4,Auto Loan,3000,48,13.1,612.0,5600,0,3,0,0.1145038167938931,Current,High Risk,0.20710093363366816,Medium Risk
100824,34,39500.0,Employed,0.3,Mortgage,15100,12,4.01,541.0,7500,0,0,0,0.3822784810126582,Current,Medium Risk,0.05725770792089982,Low Risk
100825,53,45300.0,Self-Employed,2.5,Unsecured Personal Loan,19300,48,12.25,693.0,7200,30,0,0,0.4260485651214128,30-59 DPD,Medium Risk,0.07948267611341207,Low Risk
100826,54,21100.0,Contract,3.6,Auto Loan,15600,24,6.3,702.0,15200,0,1,1,0.7393364928909952,Current,High Risk,0.06536272504507293,Low Risk
100827,33,73500.0,Unemployed,3.3,Auto Loan,4100,24,7.89,799.0,3300,0,1,0,0.05578231292517,Current,High Risk,0.015841539048725945,Low Risk
100828,34,34600.0,Unemployed,2.4,Mortgage,10800,24,7.31,578.0,4700,0,0,0,0.3121387283236994,Current,Medium Risk,0.050801433229038524,Low Risk
100829,35,36700.0,Employed,9.1,Unsecured Personal Loan,3500,36,5.52,772.0,12600,0,1,1,0.0953678474114441,Current,High Risk,0.029984509610724002,Low Risk
100830,25,51700.0,Employed,0.8,Unsecured Personal Loan,30400,24,10.45,869.0,15300,120,0,0,0.5880077369439071,90+ DPD,High Risk,0.24266599348449605,Medium Risk
100831,29,40800.0,Self-Employed,3.5,Mortgage,7000,24,7.88,650.0,15500,0,0,0,0.1715686274509803,Current,Low Risk,0.031208504322160154,Low Risk
100832,28,58500.0,Employed,,Unsecured Personal Loan,28400,12,6.07,577.0,5700,0,0,0,0.4854700854700854,Current,Medium Risk,0.055191348688240764,Low Risk
100833,30,41900.0,Employed,0.4,Unsecured Personal Loan,23600,24,3.59,,5000,0,0,0,0.5632458233890214,Current,Low Risk,0.03470397553247767,Low Risk
100834,38,26700.0,Employed,4.3,Mortgage,7800,36,4.82,681.0,6900,60,0,0,0.2921348314606741,60-89 DPD,Medium Risk,0.12083171257811617,Low Risk
100835,40,43500.0,Employed,4.2,Unsecured Personal Loan,6800,36,2.58,725.0,11700,30,0,0,0.1563218390804597,30-59 DPD,Medium Risk,0.03229107667956094,Low Risk
100836,54,20500.0,Employed,10.5,Mortgage,16500,24,7.54,,28000,0,0,1,0.8048780487804879,Current,Low Risk,0.050297869069248234,Low Risk
100837,28,38300.0,Contract,4.1,Unsecured Personal Loan,8000,48,3.91,804.0,2400,0,1,0,0.2088772845953002,Current,High Risk,0.020899137130764852,Low Risk
100838,48,35700.0,Employed,16.1,Unsecured Personal Loan,14200,48,6.7,591.0,8500,0,3,0,0.3977591036414565,Current,High Risk,0.20293930377686947,Medium Risk
100839,36,32700.0,Self-Employed,0.2,Auto Loan,10000,48,11.61,541.0,3900,0,1,0,0.3058103975535168,Current,High Risk,0.12588357525372978,Low Risk
100840,38,34100.0,Employed,0.5,Auto Loan,4600,24,11.1,769.0,3100,10,0,0,0.1348973607038123,Current,Low Risk,0.03937635154517511,Low Risk
100841,45,14200.0,Self-Employed,0.2,Auto Loan,3500,48,7.4,498.0,19500,0,0,0,0.2464788732394366,Current,Medium Risk,0.07310581179802178,Low Risk
100842,27,27600.0,Employed,1.0,Auto Loan,15300,24,7.24,664.0,14500,0,0,0,0.5543478260869565,Current,Low Risk,0.0444632321333487,Low Risk
100843,42,38000.0,Contract,3.9,Mortgage,9500,12,13.14,929.0,13600,10,0,0,0.25,Current,Low Risk,0.01933218443263408,Low Risk
100844,40,196500.0,Contract,5.2,Unsecured Personal Loan,9600,24,9.06,679.0,18900,0,0,0,0.048854961832061,Current,Low Risk,0.0023891949201330287,Low Risk
100845,43,21700.0,Employed,0.2,Unsecured Personal Loan,20300,48,6.52,590.0,7100,30,0,0,0.935483870967742,30-59 DPD,Medium Risk,0.12953144045049628,Low Risk
100846,41,68400.0,Contract,14.6,Unsecured Personal Loan,27000,24,3.22,675.0,7300,0,0,0,0.3947368421052631,Current,Low Risk,0.023876194618136313,Low Risk
100847,63,23600.0,Retired,9.2,Auto Loan,11300,12,8.68,676.0,45700,0,0,0,0.4788135593220338,Current,Low Risk,0.04030008816008497,Low Risk
100848,32,59000.0,Contract,1.8,Unsecured Personal Loan,10900,12,9.99,693.0,8300,120,0,0,0.1847457627118644,90+ DPD,High Risk,0.32897162255792584,Medium Risk
100849,33,45000.0,Contract,0.4,Unsecured Personal Loan,18000,48,5.61,733.0,16600,0,0,0,0.4,Current,Low Risk,0.018218535156312474,Low Risk
100850,32,26300.0,Employed,0.9,Unsecured Personal Loan,5900,36,8.37,597.0,9900,10,0,0,0.2243346007604562,Current,Medium Risk,0.06881618393124392,Low Risk
100851,32,441000.0,Self-Employed,0.7,Unsecured Personal Loan,15300,24,6.41,815.0,2700,0,0,0,0.0346938775510204,Current,Low Risk,1.8786847643889486e-05,Low Risk
100852,32,20000.0,Employed,0.7,Unsecured Personal Loan,18600,36,6.95,700.0,2400,0,0,0,0.93,Current,Low Risk,0.04920254865247791,Low Risk
100853,50,57500.0,Employed,3.7,Auto Loan,20100,36,0.04,738.0,6600,10,0,0,0.3495652173913043,Current,Low Risk,0.01821954862912524,Low Risk
100854,52,59900.0,Retired,1.4,Unsecured Personal Loan,4200,36,6.83,630.0,20700,0,0,0,0.0701168614357262,Current,Medium Risk,0.021016708480850643,Low Risk
100855,32,26000.0,Employed,2.2,Mortgage,8500,24,10.41,783.0,17200,30,0,0,0.3269230769230769,30-59 DPD,Medium Risk,0.052563017688758304,Low Risk
100856,30,,Unemployed,22.8,Auto Loan,7900,48,5.61,659.0,18800,0,1,0,,Current,High Risk,0.04131093084635444,Low Risk
100857,43,32000.0,Contract,5.8,Unsecured Personal Loan,14200,24,7.66,702.0,5000,0,1,0,0.44375,Current,High Risk,0.06597746505275946,Low Risk
100858,32,42000.0,Contract,14.9,Auto Loan,17800,36,5.23,605.0,30700,0,0,0,0.4238095238095238,Current,Medium Risk,0.031031736851497647,Low Risk
100859,44,41400.0,Retired,0.8,Unsecured Personal Loan,32800,12,8.58,600.0,5000,0,0,0,0.7922705314009661,Current,Medium Risk,0.07908836021753876,Low Risk
100860,40,34000.0,Employed,2.4,Auto Loan,9900,24,6.85,735.0,11500,0,0,0,0.2911764705882352,Current,Low Risk,0.028397136032124164,Low Risk
100861,23,54500.0,Employed,4.0,Mortgage,9900,24,4.68,645.0,9800,0,0,0,0.1816513761467889,Current,Medium Risk,0.02316433884927517,Low Risk
100862,53,54000.0,Employed,0.4,Auto Loan,26600,36,11.5,,8800,0,0,0,0.4925925925925925,Current,Low Risk,0.04927937701611141,Low Risk
100863,56,15100.0,Employed,0.0,Auto Loan,16000,12,10.29,629.0,25300,0,0,0,1.0596026490066224,Current,Medium Risk,0.0803695899883986,Low Risk
100864,32,69700.0,Employed,5.5,Unsecured Personal Loan,28600,48,5.69,736.0,6000,20,0,0,0.4103299856527977,Current,Low Risk,0.029115593826985083,Low Risk
100865,34,15800.0,Employed,5.1,Unsecured Personal Loan,15900,24,8.99,630.0,3800,0,1,0,1.0063291139240507,Current,High Risk,0.1372603553844808,Low Risk
100866,41,60900.0,Unemployed,2.6,Mortgage,6700,36,9.11,671.0,10000,60,1,1,0.1100164203612479,60-89 DPD,High Risk,0.1376644348526513,Low Risk
100867,41,63800.0,Self-Employed,3.4,Unsecured Personal Loan,6000,48,9.43,681.0,7500,0,0,0,0.0940438871473354,Current,Low Risk,0.02110015039531421,Low Risk
100868,45,21000.0,Employed,2.7,Unsecured Personal Loan,5300,36,2.42,,105300,0,0,0,0.2523809523809523,Current,Low Risk,0.011333670541430267,Low Risk
100869,58,29600.0,Self-Employed,0.1,Unsecured Personal Loan,19900,48,10.52,562.0,15900,20,0,0,0.6722972972972971,Current,Medium Risk,0.11960864681797323,Low Risk
100870,36,20900.0,Employed,2.0,Auto Loan,27300,36,5.79,707.0,7400,0,0,0,1.30622009569378,Current,Low Risk,0.04676822047068806,Low Risk
100871,30,32600.0,Employed,1.0,Unsecured Personal Loan,40500,24,6.43,621.0,4700,0,3,0,1.2423312883435584,Current,High Risk,0.26666337875471857,Medium Risk
100872,24,31100.0,Unemployed,0.5,Mortgage,22200,48,15.41,765.0,2700,0,0,0,0.7138263665594855,Current,Low Risk,0.041949164468753436,Low Risk
100873,31,53600.0,Self-Employed,15.7,Unsecured Personal Loan,26800,24,8.41,757.0,4800,0,0,0,0.5,Current,Low Risk,0.029199003712754225,Low Risk
100874,38,69900.0,Unemployed,4.6,Unsecured Personal Loan,9400,36,6.34,738.0,10700,0,1,0,0.1344778254649499,Current,High Risk,0.020519079002918494,Low Risk
100875,56,73000.0,Employed,6.5,Auto Loan,6700,48,0.88,,26900,120,1,0,0.0917808219178082,90+ DPD,High Risk,0.19882769901953412,Low Risk
100876,33,27400.0,Contract,1.9,Unsecured Personal Loan,22200,24,11.67,673.0,21700,0,1,0,0.8102189781021897,Current,High Risk,0.09375144361562669,Low Risk
100877,40,32700.0,Self-Employed,2.5,Auto Loan,17200,24,3.46,732.0,11600,30,0,0,0.5259938837920489,30-59 DPD,Medium Risk,0.04340103921533907,Low Risk
100878,38,15700.0,Self-Employed,1.4,Unsecured Personal Loan,14200,36,4.49,633.0,7900,10,0,0,0.9044585987261146,Current,Medium Risk,0.05734163101504191,Low Risk
100879,50,24300.0,Self-Employed,0.5,Unsecured Personal Loan,16900,48,6.51,876.0,11900,0,0,0,0.6954732510288065,Current,Low Risk,0.015536252081197686,Low Risk
100880,63,58800.0,Contract,1.0,Unsecured Personal Loan,16200,60,11.75,839.0,6900,0,0,0,0.2755102040816326,Current,Low Risk,0.015591646995981834,Low Risk
100881,33,81500.0,Self-Employed,8.0,Mortgage,28900,36,9.82,681.0,33000,30,3,0,0.354601226993865,30-59 DPD,High Risk,0.13118586556853462,Low Risk
100882,33,19600.0,Self-Employed,5.7,Auto Loan,29100,36,7.03,,8700,30,0,0,1.4846938775510203,30-59 DPD,Medium Risk,0.09763191711113081,Low Risk
100883,48,27000.0,Retired,4.0,Auto Loan,18500,60,8.42,789.0,9300,0,2,0,0.6851851851851851,Current,High Risk,0.0599394532671721,Low Risk
100884,45,35800.0,Unemployed,3.2,Unsecured Personal Loan,22200,12,5.7,668.0,2100,0,0,0,0.6201117318435754,Current,Low Risk,0.04753987865303359,Low Risk
100885,56,41800.0,Employed,12.8,Auto Loan,18200,24,7.92,627.0,8600,0,1,0,0.4354066985645933,Current,High Risk,0.09832158664167215,Low Risk
100886,44,,Unemployed,0.4,Unsecured Personal Loan,10100,48,7.72,750.0,17800,0,0,0,,Current,Low Risk,0.019164446992141045,Low Risk
100887,34,224500.0,Employed,1.6,Mortgage,21000,48,10.41,686.0,4700,0,3,0,0.0935412026726057,Current,High Risk,0.00761208294609457,Low Risk
100888,44,28700.0,Employed,2.2,Auto Loan,5800,48,10.4,695.0,5900,30,0,0,0.2020905923344947,30-59 DPD,Medium Risk,0.07469127060360936,Low Risk
100889,49,36100.0,Self-Employed,7.6,Auto Loan,25100,36,8.98,613.0,17200,0,0,0,0.6952908587257617,Current,Medium Risk,0.05752377259466814,Low Risk
100890,46,47700.0,Contract,,Unsecured Personal Loan,6500,12,6.41,543.0,3500,10,1,0,0.1362683438155136,Current,High Risk,0.11374292684820773,Low Risk
100891,43,36400.0,Contract,1.4,Auto Loan,15900,36,9.73,699.0,20800,0,0,0,0.4368131868131868,Current,Low Risk,0.03308140358418393,Low Risk
100892,49,29200.0,Employed,10.4,Unsecured Personal Loan,8000,24,7.22,752.0,6800,0,0,0,0.273972602739726,Current,Low Risk,0.03412843700586867,Low Risk
100893,50,34400.0,Employed,8.9,Mortgage,74400,24,4.25,662.0,7500,0,3,0,2.1627906976744184,Current,High Risk,0.325731400854,Medium Risk
100894,52,34700.0,Employed,1.3,Unsecured Personal Loan,13100,48,6.29,795.0,4500,10,0,0,0.377521613832853,Current,Low Risk,0.027271006326760345,Low Risk
100895,44,30200.0,Retired,2.5,Unsecured Personal Loan,5100,12,7.75,624.0,12900,30,0,0,0.1688741721854304,30-59 DPD,Medium Risk,0.09011198657444458,Low Risk
100896,36,31900.0,Retired,2.6,Unsecured Personal Loan,17200,48,10.23,596.0,55400,10,0,0,0.5391849529780564,Current,Medium Risk,0.04606297567078253,Low Risk
100897,39,80800.0,Self-Employed,19.1,Unsecured Personal Loan,9400,36,6.95,675.0,17100,0,1,1,0.1163366336633663,Current,High Risk,0.02589042111938531,Low Risk
100898,50,48100.0,Contract,1.0,Unsecured Personal Loan,22700,36,3.87,673.0,5400,0,0,0,0.4719334719334719,Current,Low Risk,0.029462516749190672,Low Risk
100899,30,31300.0,Unemployed,8.0,Mortgage,13400,12,7.67,742.0,21900,0,0,0,0.4281150159744408,Current,Low Risk,0.026139102721209343,Low Risk
100900,42,51500.0,Self-Employed,2.0,Auto Loan,16900,24,7.84,,7900,0,0,0,0.3281553398058252,Current,Low Risk,0.03157765697700039,Low Risk
100901,34,30700.0,Employed,6.6,Mortgage,7500,12,8.06,789.0,25900,20,0,0,0.2442996742671009,Current,Low Risk,0.034335227523594164,Low Risk
100902,38,65300.0,Employed,2.7,Mortgage,9400,60,10.26,837.0,17400,0,0,0,0.1439509954058192,Current,Low Risk,0.009440781529217665,Low Risk
100903,51,43700.0,Self-Employed,4.3,Unsecured Personal Loan,10100,48,10.56,677.0,1300,30,0,0,0.2311212814645308,30-59 DPD,Medium Risk,0.0715039638136332,Low Risk
100904,40,34400.0,Self-Employed,8.9,Auto Loan,22300,36,5.72,780.0,4900,0,0,0,0.6482558139534883,Current,Low Risk,0.02428765517279558,Low Risk
100905,38,45400.0,Employed,8.2,Unsecured Personal Loan,36500,24,5.65,,19200,10,0,0,0.8039647577092511,Current,Low Risk,0.055229728991941236,Low Risk
100906,24,16600.0,Contract,10.1,Mortgage,8200,60,4.38,766.0,11000,90,0,0,0.4939759036144578,90+ DPD,High Risk,0.13363261316442884,Low Risk
100907,45,20700.0,Employed,0.3,Unsecured Personal Loan,25500,24,9.6,764.0,4800,0,0,1,1.2318840579710144,Current,Low Risk,0.05419843442453004,Low Risk
100908,44,20000.0,Employed,5.9,Unsecured Personal Loan,3600,24,11.85,749.0,6400,60,0,0,0.18,60-89 DPD,Medium Risk,0.17007401908705774,Low Risk
100909,60,39000.0,Self-Employed,0.8,Unsecured Personal Loan,26000,36,6.55,679.0,2600,0,0,0,0.6666666666666666,Current,Low Risk,0.04574329964790236,Low Risk
100910,35,86400.0,Self-Employed,,Unsecured Personal Loan,7500,60,6.78,444.0,9300,0,0,0,0.0868055555555555,Current,Medium Risk,0.03111332890538219,Low Risk
100911,40,110800.0,Self-Employed,4.0,Unsecured Personal Loan,5900,12,11.9,629.0,46500,30,0,0,0.0532490974729241,30-59 DPD,Medium Risk,0.02228258691994735,Low Risk
100912,40,50000.0,Employed,2.6,Unsecured Personal Loan,5200,24,9.02,630.0,17400,60,0,0,0.104,60-89 DPD,Medium Risk,0.1348880798089246,Low Risk
100913,54,46600.0,Employed,3.7,Auto Loan,17100,60,8.81,602.0,45900,0,0,0,0.3669527896995708,Current,Medium Risk,0.031184123954348796,Low Risk
100914,37,,Self-Employed,28.3,Mortgage,11700,24,3.93,690.0,18400,0,0,0,,Current,Low Risk,0.02672363637719992,Low Risk
100915,41,27700.0,Self-Employed,0.7,Unsecured Personal Loan,16800,12,9.54,,20300,10,0,0,0.6064981949458483,Current,Low Risk,0.06281828055572473,Low Risk
100916,44,24500.0,Employed,5.6,Unsecured Personal Loan,20200,36,4.71,614.0,39400,30,0,0,0.8244897959183674,30-59 DPD,Medium Risk,0.08097358926501064,Low Risk
100917,40,,Unemployed,2.5,Mortgage,15700,48,4.1,595.0,12900,0,0,0,,Current,Medium Risk,0.03172734590247709,Low Risk
100918,34,33400.0,Employed,0.7,Unsecured Personal Loan,19800,36,6.46,623.0,8700,20,2,0,0.592814371257485,Current,High Risk,0.18552545911717366,Low Risk
100919,40,28700.0,Self-Employed,0.9,Mortgage,12800,60,5.74,770.0,20400,0,0,0,0.445993031358885,Current,Low Risk,0.016059905635260233,Low Risk
100920,49,13500.0,Contract,,Unsecured Personal Loan,6600,36,6.84,627.0,27400,0,0,0,0.4888888888888888,Current,Medium Risk,0.0444812344287799,Low Risk
100921,28,52800.0,Employed,10.6,Auto Loan,100800,12,3.18,639.0,7100,0,0,0,1.9090909090909087,Current,Medium Risk,0.12475174873003829,Low Risk
100922,39,21200.0,Employed,11.9,Auto Loan,9400,60,10.38,643.0,6000,0,0,0,0.4433962264150943,Current,Medium Risk,0.056507385458686776,Low Risk
100923,31,40900.0,Unemployed,23.9,Auto Loan,7600,36,10.88,707.0,10900,60,0,0,0.1858190709046454,60-89 DPD,Medium Risk,0.11848069600115009,Low Risk
100924,50,102400.0,Self-Employed,1.2,Mortgage,12000,24,1.66,716.0,17700,0,0,0,0.1171875,Current,Low Risk,0.006075014474543195,Low Risk
100925,23,22900.0,Self-Employed,2.2,Unsecured Personal Loan,7700,36,10.44,436.0,17300,90,1,1,0.3362445414847161,90+ DPD,High Risk,0.6394169122062738,High Risk
100926,32,10200.0,Contract,5.5,Unsecured Personal Loan,10400,24,5.07,762.0,3700,0,0,0,1.0196078431372548,Current,Low Risk,0.032225167225408864,Low Risk
100927,42,157500.0,Contract,3.3,Auto Loan,16400,12,10.07,795.0,37700,10,0,0,0.1041269841269841,Current,Low Risk,0.0034205480585666323,Low Risk
100928,54,63000.0,Retired,2.7,Mortgage,16500,12,7.29,596.0,6300,20,0,0,0.2619047619047619,Current,Medium Risk,0.060427252584092636,Low Risk
100929,37,96700.0,Employed,2.2,Unsecured Personal Loan,7800,36,7.59,602.0,8200,10,0,0,0.0806618407445708,Current,Medium Risk,0.021785717413371552,Low Risk
100930,32,19600.0,Employed,4.5,Mortgage,10000,48,6.94,644.0,5300,0,0,0,0.510204081632653,Current,Medium Risk,0.04547420751882947,Low Risk
100931,57,46600.0,Employed,4.3,Unsecured Personal Loan,25500,36,11.14,620.0,65400,0,0,0,0.5472103004291845,Current,Medium Risk,0.039304025101467945,Low Risk
100932,24,28800.0,Employed,0.9,Unsecured Personal Loan,18000,60,3.78,698.0,11700,30,0,0,0.625,30-59 DPD,Medium Risk,0.047425923738425274,Low Risk
100933,18,,Self-Employed,3.2,Auto Loan,46400,24,9.32,524.0,5500,30,0,0,,30-59 DPD,Medium Risk,0.22497687769110705,Medium Risk
100934,42,136200.0,Employed,4.0,Unsecured Personal Loan,27100,24,10.8,591.0,18100,0,1,0,0.1989720998531571,Current,High Risk,0.02992939073278819,Low Risk
100935,33,17100.0,Contract,4.2,Auto Loan,26500,24,9.65,803.0,17000,30,0,0,1.5497076023391811,30-59 DPD,Medium Risk,0.06441715208385186,Low Risk
100936,28,41200.0,Self-Employed,1.2,Unsecured Personal Loan,5800,24,14.47,606.0,8700,0,1,0,0.1407766990291262,Current,High Risk,0.10422913843058565,Low Risk
100937,45,45900.0,Self-Employed,6.8,Unsecured Personal Loan,21100,24,5.91,779.0,17800,0,0,0,0.4596949891067538,Current,Low Risk,0.019949517084294214,Low Risk
100938,40,62500.0,Employed,0.1,Auto Loan,12900,48,10.37,708.0,5600,30,0,0,0.2064,30-59 DPD,Medium Risk,0.044666917401213466,Low Risk
100939,32,38100.0,Employed,2.2,Auto Loan,9600,60,7.18,535.0,7000,0,2,1,0.2519685039370078,Current,High Risk,0.13005144335916405,Low Risk
100940,25,42400.0,Employed,7.6,Unsecured Personal Loan,14800,60,11.2,731.0,2400,20,0,0,0.3490566037735849,Current,Low Risk,0.05032342655164053,Low Risk
100941,47,29900.0,Employed,4.1,Unsecured Personal Loan,23600,24,7.48,671.0,3900,0,1,0,0.7892976588628762,Current,High Risk,0.10191548759617686,Low Risk
100942,45,41500.0,Employed,1.5,Unsecured Personal Loan,18000,48,6.34,644.0,35100,0,0,0,0.4337349397590361,Current,Medium Risk,0.028427938385913613,Low Risk
100943,37,30600.0,Self-Employed,5.9,Unsecured Personal Loan,7900,24,11.42,,31200,0,0,0,0.2581699346405228,Current,Low Risk,0.03980133631822515,Low Risk
100944,56,49600.0,Contract,4.2,Mortgage,20900,12,6.03,718.0,10400,0,0,0,0.4213709677419354,Current,Low Risk,0.028727267879363937,Low Risk
100945,27,30200.0,Contract,8.0,Mortgage,9100,48,3.26,737.0,31700,20,0,0,0.3013245033112582,Current,Low Risk,0.021174948257951968,Low Risk
100946,23,43900.0,Self-Employed,6.6,Unsecured Personal Loan,15200,36,5.95,774.0,8800,0,2,0,0.3462414578587699,Current,High Risk,0.043558559262752206,Low Risk
100947,31,35800.0,Employed,4.7,Unsecured Personal Loan,11100,24,9.36,713.0,8300,0,1,1,0.3100558659217877,Current,High Risk,0.06352913202152895,Low Risk
100948,38,63800.0,Contract,3.3,Mortgage,11700,36,11.68,570.0,10300,0,0,0,0.183385579937304,Current,Medium Risk,0.04172320009825953,Low Risk
100949,40,35400.0,Contract,0.7,Auto Loan,21200,24,7.83,642.0,9100,0,0,0,0.5988700564971751,Current,Medium Risk,0.047213974474762894,Low Risk
100950,36,15000.0,Employed,1.5,Auto Loan,7200,48,11.45,915.0,8500,20,0,0,0.48,Current,Low Risk,0.02914148644388727,Low Risk
100951,42,,Unemployed,2.7,Auto Loan,42900,36,3.43,,22000,0,0,0,,Current,Low Risk,0.03622285294746263,Low Risk
100952,25,23100.0,Employed,4.6,Unsecured Personal Loan,4500,60,6.17,870.0,11000,0,0,0,0.1948051948051948,Current,Low Risk,0.012201147158687906,Low Risk
100953,52,26200.0,Contract,3.6,Unsecured Personal Loan,9300,12,6.63,792.0,16300,60,0,0,0.3549618320610687,60-89 DPD,Medium Risk,0.09179865021865183,Low Risk
100954,37,27000.0,Retired,1.7,Mortgage,16700,24,7.16,699.0,20400,10,0,0,0.6185185185185185,Current,Low Risk,0.042003586625112034,Low Risk
100955,49,,Employed,0.0,Auto Loan,19000,36,7.75,704.0,13000,20,0,0,,Current,Low Risk,0.055976265989457444,Low Risk
100956,41,12500.0,Contract,,Unsecured Personal Loan,12600,36,9.57,677.0,5000,0,1,0,1.008,Current,High Risk,0.09838051691565709,Low Risk
100957,43,174400.0,Self-Employed,,Unsecured Personal Loan,12900,24,6.17,541.0,3800,0,2,0,0.0739678899082568,Current,High Risk,0.017728030854839993,Low Risk
100958,44,61600.0,Retired,6.6,Unsecured Personal Loan,17100,48,7.92,681.0,11000,30,1,0,0.2775974025974025,30-59 DPD,High Risk,0.07581033612836227,Low Risk
100959,42,40600.0,Employed,0.1,Auto Loan,11600,48,7.36,777.0,8800,10,1,0,0.2857142857142857,Current,High Risk,0.0401557760813419,Low Risk
100960,44,35300.0,Contract,4.4,Unsecured Personal Loan,30800,60,4.72,632.0,10500,0,0,0,0.8725212464589235,Current,Medium Risk,0.04040298293667687,Low Risk
100961,51,41900.0,Employed,14.2,Unsecured Personal Loan,22100,48,7.16,713.0,9800,10,0,0,0.5274463007159904,Current,Low Risk,0.04524346051831064,Low Risk
100962,40,47100.0,Employed,1.0,Mortgage,22600,48,7.07,748.0,60400,0,0,0,0.4798301486199575,Current,Low Risk,0.013472395839100877,Low Risk
100963,45,50100.0,Employed,3.2,Unsecured Personal Loan,7500,36,7.0,607.0,3900,0,1,0,0.1497005988023952,Current,High Risk,0.06765011270131929,Low Risk
100964,37,47900.0,Retired,0.5,Unsecured Personal Loan,12700,48,7.6,644.0,2500,20,2,0,0.2651356993736951,Current,High Risk,0.12027783875736824,Low Risk
100965,52,38000.0,Contract,4.9,Unsecured Personal Loan,11200,24,7.73,599.0,12500,10,0,0,0.2947368421052631,Current,Medium Risk,0.062972528621405,Low Risk
100966,31,32900.0,Contract,4.0,Unsecured Personal Loan,7300,24,6.2,614.0,7600,0,1,0,0.2218844984802431,Current,High Risk,0.07127742951076753,Low Risk
100967,56,33700.0,Contract,2.6,Unsecured Personal Loan,16600,24,11.32,577.0,12300,30,0,1,0.4925816023738872,30-59 DPD,Medium Risk,0.15566180457110054,Low Risk
100968,38,32900.0,Employed,3.7,Mortgage,9700,36,3.99,608.0,14900,0,0,0,0.2948328267477203,Current,Medium Risk,0.035305534711445354,Low Risk
100969,24,64000.0,Employed,11.3,Mortgage,19800,24,5.34,794.0,24300,0,0,0,0.309375,Current,Low Risk,0.011730115659798937,Low Risk
100970,39,48900.0,Employed,1.1,Unsecured Personal Loan,7000,60,15.84,607.0,3400,30,0,0,0.1431492842535787,30-59 DPD,Medium Risk,0.11250340585327488,Low Risk
100971,31,8300.0,Employed,0.1,Unsecured Personal Loan,37500,24,4.39,690.0,6700,20,0,0,4.518072289156627,Current,Low Risk,0.1000709551041903,Low Risk
100972,46,50400.0,Employed,9.9,Auto Loan,7800,12,3.44,640.0,13400,0,0,0,0.1547619047619047,Current,Medium Risk,0.02763767251789173,Low Risk
100973,31,40000.0,Employed,4.3,Unsecured Personal Loan,15200,36,9.7,774.0,17000,0,0,0,0.38,Current,Low Risk,0.025270916745202696,Low Risk
100974,34,36000.0,Employed,11.1,Unsecured Personal Loan,21500,12,1.27,785.0,46000,0,0,0,0.5972222222222222,Current,Low Risk,0.014415521909142458,Low Risk
100975,19,29900.0,Employed,4.5,Mortgage,9500,12,6.79,749.0,19300,10,0,0,0.3177257525083612,Current,Low Risk,0.031365464967447625,Low Risk
100976,33,63700.0,Employed,8.3,Unsecured Personal Loan,22300,24,13.94,,9500,0,0,0,0.3500784929356357,Current,Low Risk,0.04929659317359285,Low Risk
100977,18,58300.0,Employed,2.8,Unsecured Personal Loan,6400,36,2.87,662.0,5300,30,0,0,0.1097770154373927,30-59 DPD,Medium Risk,0.032703339176938295,Low Risk
100978,22,24700.0,Retired,6.9,Unsecured Personal Loan,31900,36,1.55,585.0,6700,60,0,0,1.291497975708502,60-89 DPD,Medium Risk,0.19401430324595992,Low Risk
100979,46,44500.0,Unemployed,12.2,Unsecured Personal Loan,13500,48,3.0,835.0,6500,20,0,0,0.3033707865168539,Current,Low Risk,0.01684548497450938,Low Risk
100980,46,22300.0,Retired,,Unsecured Personal Loan,9300,48,10.2,619.0,15700,0,1,0,0.4170403587443946,Current,High Risk,0.0932199915172644,Low Risk
100981,42,18200.0,Employed,1.0,Unsecured Personal Loan,11200,36,10.87,733.0,11800,20,0,0,0.6153846153846153,Current,Low Risk,0.073466317816134,Low Risk
100982,28,26500.0,Employed,1.6,Unsecured Personal Loan,21700,24,5.96,765.0,3900,0,0,0,0.8188679245283018,Current,Low Risk,0.03396346827898975,Low Risk
100983,38,55900.0,Unemployed,1.1,Auto Loan,9400,24,9.55,636.0,7300,0,1,0,0.1681574239713774,Current,High Risk,0.05441165202147301,Low Risk
100984,38,58500.0,Employed,,Unsecured Personal Loan,8500,48,11.67,763.0,18300,0,1,0,0.1452991452991452,Current,High Risk,0.030912761265607422,Low Risk
100985,26,,Employed,1.8,Unsecured Personal Loan,11700,12,12.86,741.0,12700,0,1,0,,Current,High Risk,0.06825342525485976,Low Risk
100986,53,52200.0,Employed,4.0,Auto Loan,6600,12,6.76,818.0,14700,60,0,0,0.1264367816091954,60-89 DPD,Medium Risk,0.05713463330761139,Low Risk
100987,47,47000.0,Employed,4.4,Mortgage,39800,48,0.6,642.0,12900,0,0,0,0.8468085106382978,Current,Medium Risk,0.031742967759660554,Low Risk
100988,36,26400.0,Employed,2.8,Unsecured Personal Loan,9500,36,5.04,577.0,30900,0,0,0,0.3598484848484848,Current,Medium Risk,0.04277128830265,Low Risk
100989,38,45100.0,Employed,4.8,Unsecured Personal Loan,22000,12,6.22,640.0,11700,90,0,0,0.4878048780487804,90+ DPD,High Risk,0.3019372966496439,Medium Risk
100990,40,54200.0,Self-Employed,0.4,Unsecured Personal Loan,15100,24,6.72,697.0,7600,0,2,0,0.2785977859778597,Current,High Risk,0.06288935081753692,Low Risk
100991,18,53000.0,Employed,0.5,Auto Loan,7400,60,6.94,685.0,5200,20,0,0,0.1396226415094339,Current,Low Risk,0.029493170635074666,Low Risk
100992,36,65800.0,Employed,0.9,Unsecured Personal Loan,13300,48,10.86,649.0,11800,0,0,0,0.202127659574468,Current,Medium Risk,0.028559598934621455,Low Risk
100993,31,51700.0,Contract,3.6,Unsecured Personal Loan,21400,48,11.32,527.0,1800,0,0,0,0.413926499032882,Current,Medium Risk,0.07392646541737513,Low Risk
100994,28,216500.0,Employed,1.2,Unsecured Personal Loan,11900,36,6.98,718.0,8700,60,0,0,0.0549653579676674,60-89 DPD,Medium Risk,0.005334274945043395,Low Risk
100995,35,62000.0,Employed,1.7,Unsecured Personal Loan,27300,36,10.8,838.0,8600,0,0,0,0.4403225806451612,Current,Low Risk,0.019015392404378974,Low Risk
100996,56,35800.0,Contract,2.6,Unsecured Personal Loan,24700,60,8.57,717.0,3800,0,0,0,0.6899441340782122,Current,Low Risk,0.03803443414662712,Low Risk
100997,44,23400.0,Employed,8.4,Unsecured Personal Loan,23200,60,7.69,729.0,5200,0,1,0,0.9914529914529914,Current,High Risk,0.07023945279629996,Low Risk
100998,32,33500.0,Employed,0.1,Mortgage,10100,24,10.22,726.0,17400,0,2,0,0.3014925373134328,Current,High Risk,0.08103153271466063,Low Risk
100999,44,25000.0,Employed,5.2,Auto Loan,7000,48,7.72,712.0,11600,0,0,0,0.28,Current,Low Risk,0.03298957389935618,Low Risk
